city_id, city, country, img_url
100,Muscat,Oman,"//external-content.duckduckgo.com/iu/?u=https%3A%2F%2Ftse3.mm.bing.net%2Fth%3Fid%3DOIP.gSWWb-YNMSWnlFW8EQqa4AHaL4%26pid%3DApi&f=1&ipt=4cca1b53b70303343bddaa98bff300abbd3b6024fab0a62dc0480d9e8aa61cb5&ipo=images"
100,Muscat,Oman,"//external-content.duckduckgo.com/iu/?u=https%3A%2F%2Ftse1.mm.bing.net%2Fth%3Fid%3DOIP._Y4yjSw_1N56bTFqM8V2eAHaE8%26pid%3DApi&f=1&ipt=094c1884fd3120597612ac5b0b6be4db4f3bd2f7f9e11bd28164da7a1d081302&ipo=images"
100,Muscat,Oman,"//external-content.duckduckgo.com/iu/?u=https%3A%2F%2Ftse4.mm.bing.net%2Fth%3Fid%3DOIP.ji9oKZ4TksZwZacYFU0rNQHaEo%26pid%3DApi&f=1&ipt=2a4643986a8ed56604c73ad06d83f3b7fbd9d760e5946dc184af57376a18ea3a&ipo=images"
99,Cairo,Egypt,"//external-content.duckduckgo.com/iu/?u=https%3A%2F%2Ftse4.mm.bing.net%2Fth%3Fid%3DOIP.3fyol6y-zrWlrxX4A5ZqhQHaE7%26pid%3DApi&f=1&ipt=f9a80076eaa6f8ee9a419ba34f49ae95ea425ba42649fae8c96745957764c556&ipo=images"
99,Cairo,Egypt,"//external-content.duckduckgo.com/iu/?u=https%3A%2F%2Ftse2.mm.bing.net%2Fth%3Fid%3DOIP.goCeMLYYUjPICo9gXrtERgHaEr%26pid%3DApi&f=1&ipt=ca446a8e6c70eafb93e3c6e06d1eed898624b9e4f6a0c0805591a7643669c990&ipo=images"
99,Cairo,Egypt,"//external-content.duckduckgo.com/iu/?u=https%3A%2F%2Ftse2.mm.bing.net%2Fth%3Fid%3DOIP.jhWEVP-k8aNVd6RPn1ABlAHaEc%26pid%3DApi&f=1&ipt=abde296e18e94db775a1ea7ea0d3f7efda5bc06bd5cc3616b6ad4064213eb9d6&ipo=images"
98,Hanoi,Vietnam,"//external-content.duckduckgo.com/iu/?u=https%3A%2F%2Ftse3.mm.bing.net%2Fth%3Fid%3DOIP.xz1cJb4Gt7eStFBqaVPzywHaE8%26pid%3DApi&f=1&ipt=3248c067380b8f77ed66850027b2625f1e9d35898c6d49581a0f43f3cd4faf9e&ipo=images"
98,Hanoi,Vietnam,"//external-content.duckduckgo.com/iu/?u=https%3A%2F%2Ftse1.mm.bing.net%2Fth%3Fid%3DOIP.-f6s_0Z3dWX0vzcoaruRagHaEK%26pid%3DApi&f=1&ipt=bcfe808851fcc1d942d315742cb727ff018bf05ec60ba8b37affe24a1d9abf22&ipo=images"
98,Hanoi,Vietnam,"//external-content.duckduckgo.com/iu/?u=https%3A%2F%2Ftse2.mm.bing.net%2Fth%3Fid%3DOIP.XWw5P8qAsHz9TczX4_CzRgAAAA%26pid%3DApi&f=1&ipt=8835b84796219f9222b075dde865d5da7de27f6dbb98ece078b6afb7e7047980&ipo=images"
97,Guilin,China,"//external-content.duckduckgo.com/iu/?u=https%3A%2F%2Ftse3.mm.bing.net%2Fth%3Fid%3DOIP.FP683BLwaK0brSxKMxXk9QHaFc%26pid%3DApi&f=1&ipt=ac8c8900c13fa45283ce7cdd10ba99bf594f7b21e6ba7f1645a5ed0fc3bdb4a0&ipo=images"
97,Guilin,China,"//external-content.duckduckgo.com/iu/?u=https%3A%2F%2Ftse1.mm.bing.net%2Fth%3Fid%3DOIP.2DSfGlzYVbYF7Y_pLQCEqwHaEp%26pid%3DApi&f=1&ipt=2fc947c18b4e4536c29cea099c8dab8962e730c251bafd2ffd09c1b1a58cbf9e&ipo=images"
97,Guilin,China,"//external-content.duckduckgo.com/iu/?u=https%3A%2F%2Ftse4.mm.bing.net%2Fth%3Fid%3DOIP.AikACtBkDzVo24MQf8tajQHaE8%26pid%3DApi&f=1&ipt=a6d2c073780c15d840fa10a4dc57f5d5228eb2b3fa567235b9421694893a93ed&ipo=images"
96,Punta Cana,Dominican Republic,"//external-content.duckduckgo.com/iu/?u=https%3A%2F%2Ftse1.mm.bing.net%2Fth%3Fid%3DOIP.9FkGZpNQAPHLFXcNTzmBigHaE5%26pid%3DApi&f=1&ipt=c4dd20878fa744d0bbab9192a0d4264333a6d271a69e7fa5ee00c381636b0cc2&ipo=images"
96,Punta Cana,Dominican Republic,"//external-content.duckduckgo.com/iu/?u=https%3A%2F%2Ftse3.mm.bing.net%2Fth%3Fid%3DOIP.p2BCLUtpqZTeSHqP4VU0mAHaE7%26pid%3DApi&f=1&ipt=ecad3c8e4c07227d32585383966984bf341dd74a2b750c8650ffccecca8ea852&ipo=images"
96,Punta Cana,Dominican Republic,"//external-content.duckduckgo.com/iu/?u=https%3A%2F%2Ftse4.mm.bing.net%2Fth%3Fid%3DOIP.RZiFZdseAWWmWQHOBFIyrgHaE8%26pid%3DApi&f=1&ipt=08c211a43ed0b8d113530060e27f5a3ec8ff71368fdd088394a9b456c0f68347&ipo=images"
95,Mecca,Saudi Arabia,"//external-content.duckduckgo.com/iu/?u=https%3A%2F%2Ftse1.mm.bing.net%2Fth%3Fid%3DOIP.oOvnQVj0aEOxZM3gsTJcogHaEK%26pid%3DApi&f=1&ipt=6c2385b330d7fb5bf5207e3ea1087bbf586c504fae6c9a8ea8a0863a9ac22516&ipo=images"
95,Mecca,Saudi Arabia,"//external-content.duckduckgo.com/iu/?u=https%3A%2F%2Ftse1.mm.bing.net%2Fth%3Fid%3DOIP.gezkONQ5rDWq3PjeQV0yRgHaFn%26pid%3DApi&f=1&ipt=890f73721dccaf1bbf47764e5f5df6566e02312eb14157d4c065e5f010aeb53b&ipo=images"
95,Mecca,Saudi Arabia,"//external-content.duckduckgo.com/iu/?u=https%3A%2F%2Ftse3.mm.bing.net%2Fth%3Fid%3DOIP.oZpdWvq9Sr3PDJv-djJoagHaNK%26pid%3DApi&f=1&ipt=163f8acceede3be7eb76943ca6721fbb694ec5265db06cd4ab2439776b3d1b64&ipo=images"
94,Zhuhai,China,"//external-content.duckduckgo.com/iu/?u=https%3A%2F%2Ftse1.mm.bing.net%2Fth%3Fid%3DOIP.yKXcM18uj8W8jSBeH0e6mgHaEI%26pid%3DApi&f=1&ipt=5c4b0cf3e5058a78157d33c6c8a07c4b055c479e084345850bf13b9746028195&ipo=images"
94,Zhuhai,China,"//external-content.duckduckgo.com/iu/?u=https%3A%2F%2Ftse2.mm.bing.net%2Fth%3Fid%3DOIP.l2syIsId98H-_6pxn05jNQHaDn%26pid%3DApi&f=1&ipt=2f238b38e86f1e697f5b63b2541b0e05314201b4669f82285ca0ad118bf5810e&ipo=images"
94,Zhuhai,China,"//external-content.duckduckgo.com/iu/?u=https%3A%2F%2Ftse1.mm.bing.net%2Fth%3Fid%3DOIP.TzDWeirt1DAlf6y3jDBUlAHaE7%26pid%3DApi&f=1&ipt=dffc042d20f7b32a7c55039cbf5c3e114864d5af55a2bea691ef95139d3827cf&ipo=images"
93,Mugla,Turkey,"//external-content.duckduckgo.com/iu/?u=https%3A%2F%2Ftse1.mm.bing.net%2Fth%3Fid%3DOIP.f3R_VgQqYH1aSn-BM4A8yAHaFU%26pid%3DApi&f=1&ipt=2e8cb0aa7e5af73eda37885f02908815c669d27f13a53f56633f1bfea1678648&ipo=images"
93,Mugla,Turkey,"//external-content.duckduckgo.com/iu/?u=https%3A%2F%2Ftse4.mm.bing.net%2Fth%3Fid%3DOIP.TWcW6S_awHv7WC6h0FVLtQHaFc%26pid%3DApi&f=1&ipt=13520413b2cb8d6f704726ead41c08620d72bbcf1c227e25d047ab94663a8af6&ipo=images"
93,Mugla,Turkey,"//external-content.duckduckgo.com/iu/?u=https%3A%2F%2Ftse4.mm.bing.net%2Fth%3Fid%3DOIP.38jMlnTBw9cn6rFdM_3T8gHaFW%26pid%3DApi&f=1&ipt=f45dea280d6b40fce0fe8b45593a53adebcfaeab1a74b758a2cdf6a8c950479a&ipo=images"
92,Vilnius,Lithuania,"//external-content.duckduckgo.com/iu/?u=https%3A%2F%2Ftse1.mm.bing.net%2Fth%3Fid%3DOIP._i5YYinHjwOCEUJMQiKOqAHaFa%26pid%3DApi&f=1&ipt=a54d4d1ff952bd298fbad07b8020f86d782a22cd520f060197469b43591241d0&ipo=images"
92,Vilnius,Lithuania,"//external-content.duckduckgo.com/iu/?u=https%3A%2F%2Ftse3.mm.bing.net%2Fth%3Fid%3DOIP.iZ00Icxhak5OY7MBNeb6iQHaFX%26pid%3DApi&f=1&ipt=e5e65b4608ce8cf3314c64f1a2ea3f7a50813e8f500a81fcb8e28a1dbbf6aa21&ipo=images"
92,Vilnius,Lithuania,"//external-content.duckduckgo.com/iu/?u=https%3A%2F%2Ftse1.mm.bing.net%2Fth%3Fid%3DOIP.p0QmgDirt_ejuT8xVBwelAHaE8%26pid%3DApi&f=1&ipt=babb51204575ed4688204bb9a2037b5582e38ea77d089c78efba45e52e1c1412&ipo=images"
91,Marrakech,Morocco,"//external-content.duckduckgo.com/iu/?u=https%3A%2F%2Ftse3.mm.bing.net%2Fth%3Fid%3DOIP.Q6SSv--jYaf4zW5jWNHiRQHaE8%26pid%3DApi&f=1&ipt=d89ff93e006a3d4600c14e0c65fb38f3fb0c5beb5899efa849374ed7ea0bbf46&ipo=images"
91,Marrakech,Morocco,"//external-content.duckduckgo.com/iu/?u=https%3A%2F%2Ftse1.mm.bing.net%2Fth%3Fid%3DOIP.8iZ-GCKS9-TDWBDlv8_QnAHaE8%26pid%3DApi&f=1&ipt=48a88deb1f1d95a92375aa271ecc1b6d7bc07ca617c8fb23202e90e1f4123348&ipo=images"
91,Marrakech,Morocco,"//external-content.duckduckgo.com/iu/?u=https%3A%2F%2Ftse4.mm.bing.net%2Fth%3Fid%3DOIP.nG-UcMo1F1CRVgNbKBBehAHaE8%26pid%3DApi&f=1&ipt=bdc6d51dd75dc3f2367ba15fe439cf697fc843d7b1dccc2b5c9e20ba355a5d62&ipo=images"
90,Riyadh,Saudi Arabia,"//external-content.duckduckgo.com/iu/?u=https%3A%2F%2Ftse4.mm.bing.net%2Fth%3Fid%3DOIP.xe2EGhy-fvBrVWpqnDS1GAHaE8%26pid%3DApi&f=1&ipt=5eddc9f9f28a7fa4801dfb327b7ef097fa8b049b90c7bb09bfbe384f0223976c&ipo=images"
90,Riyadh,Saudi Arabia,"//external-content.duckduckgo.com/iu/?u=https%3A%2F%2Ftse4.mm.bing.net%2Fth%3Fid%3DOIP.-aqrWLlMGPV_5xTqPaJh6QHaHM%26pid%3DApi&f=1&ipt=17cd6010aa54aeff026eaeb15e9200cd4bbff7dab330fe90cc8fbd54a0f3ca53&ipo=images"
90,Riyadh,Saudi Arabia,"//external-content.duckduckgo.com/iu/?u=https%3A%2F%2Ftse3.mm.bing.net%2Fth%3Fid%3DOIP.LPEyUQUsLWcZ4XWtyL5RtwHaJ-%26pid%3DApi&f=1&ipt=0c9ce40fb605a8de3444b27ce69e32f12cb68a3f6f29b81d253f6f26f3d55560&ipo=images"
89,Tbilisi,Georgia,"//external-content.duckduckgo.com/iu/?u=https%3A%2F%2Ftse3.mm.bing.net%2Fth%3Fid%3DOIP.SkxDCaK-I0-aespZDig7UgHaFc%26pid%3DApi&f=1&ipt=bbacacf19a8200428cee9f13f3d0101b7608014311bbd2fa99774a1db8301554&ipo=images"
89,Tbilisi,Georgia,"//external-content.duckduckgo.com/iu/?u=https%3A%2F%2Ftse1.mm.bing.net%2Fth%3Fid%3DOIP.zeaUSwpORSbHvapSWzCMMgHaFc%26pid%3DApi&f=1&ipt=56c3739a74181539638b678362e530f2fadd0efb65c5ca8f6d9d74226fe6aa62&ipo=images"
89,Tbilisi,Georgia,"//external-content.duckduckgo.com/iu/?u=https%3A%2F%2Ftse2.mm.bing.net%2Fth%3Fid%3DOIP.MJymqmYk4mm6xwSsFx2XfQHaFc%26pid%3DApi&f=1&ipt=a28a1c3fd9eb7228e0c670dfd1957a634f4b3be0dffbb789c9c3327cbd2df3a0&ipo=images"
88,Santiago,Chile,"//external-content.duckduckgo.com/iu/?u=https%3A%2F%2Ftse2.mm.bing.net%2Fth%3Fid%3DOIP.UrkqzVnAi7Rj1CgCZbhK7wHaE8%26pid%3DApi&f=1&ipt=4721425e43a2f06b86ab0da0f5a79c93d2bf17aa888684b3f54b19076c8f82c5&ipo=images"
88,Santiago,Chile,"//external-content.duckduckgo.com/iu/?u=https%3A%2F%2Ftse3.mm.bing.net%2Fth%3Fid%3DOIP.0iC0HpAs3JUnlCKmjwLzNgHaE7%26pid%3DApi&f=1&ipt=8e4714634a8f5f84b83cb0a7e225323e2e2b225790b62ebce269be2f38b731d4&ipo=images"
88,Santiago,Chile,"//external-content.duckduckgo.com/iu/?u=https%3A%2F%2Ftse4.mm.bing.net%2Fth%3Fid%3DOIP.IV9gan4GgZQdhkLE6jH8jAHaE5%26pid%3DApi&f=1&ipt=3e21491875dce30fce2c1704184029b46a6352c9f5d75a9449884f6db3f5e795&ipo=images"
87,Johor Bahru,Malaysia,"//external-content.duckduckgo.com/iu/?u=https%3A%2F%2Ftse3.mm.bing.net%2Fth%3Fid%3DOIP.WR_THfQMBndT03dve9E9jwHaFW%26pid%3DApi&f=1&ipt=29bdddc22244765b90e5a5b00baf6f7a094d65999a3eeaec5310f09a93be74e5&ipo=images"
87,Johor Bahru,Malaysia,"//external-content.duckduckgo.com/iu/?u=https%3A%2F%2Ftse1.mm.bing.net%2Fth%3Fid%3DOIP.ebd6f-hvFWVWsM41-1v3ZwHaD0%26pid%3DApi&f=1&ipt=1ebd64c7a348a6293a73b0948c93907821ef951e5994c7d19760215f433a71e4&ipo=images"
87,Johor Bahru,Malaysia,"//external-content.duckduckgo.com/iu/?u=https%3A%2F%2Ftse1.mm.bing.net%2Fth%3Fid%3DOIP.OVq9visS41tISb6vtoCWKAHaEl%26pid%3DApi&f=1&ipt=85c38b8cb256596e07a0a7d76d9810e2313ef4bdaaf8d488f0fcdac56ac9767a&ipo=images"
86,Playa del Carmen,Mexico,"//external-content.duckduckgo.com/iu/?u=https%3A%2F%2Ftse4.mm.bing.net%2Fth%3Fid%3DOIP.M7c1p7EgBGQJtH1b81QECAHaE8%26pid%3DApi&f=1&ipt=4a93ee7e7db82cf95ecd1afc762747f2d424be7b6fbda1beb769663859c60d00&ipo=images"
86,Playa del Carmen,Mexico,"//external-content.duckduckgo.com/iu/?u=https%3A%2F%2Ftse4.mm.bing.net%2Fth%3Fid%3DOIP.yxz8wQDBwcjFr6Q6q0RdgwHaE8%26pid%3DApi&f=1&ipt=8721d9b236f1280b71c6daa050d14fd6425c2e387c45f9fb911df4580b618613&ipo=images"
86,Playa del Carmen,Mexico,"//external-content.duckduckgo.com/iu/?u=https%3A%2F%2Ftse1.mm.bing.net%2Fth%3Fid%3DOIP.wJk7VIMsI3bZWDni4kPodAHaFj%26pid%3DApi&f=1&ipt=4e7910675f763d9a3c6232596b9895343af76ebeaa3ca1a6e79da6703a5b1028&ipo=images"
85,Ho Chi Minh City,Vietnam,"//external-content.duckduckgo.com/iu/?u=https%3A%2F%2Ftse3.mm.bing.net%2Fth%3Fid%3DOIP.l1PxlIEDtEW2nBuJQfjZuQHaFb%26pid%3DApi&f=1&ipt=7c71d6a83ef9e6ae050129661521abed0566245a9ac891e05a085bc6a3d48df3&ipo=images"
85,Ho Chi Minh City,Vietnam,"//external-content.duckduckgo.com/iu/?u=https%3A%2F%2Ftse1.mm.bing.net%2Fth%3Fid%3DOIP.sRLYmv23HfWib5ro-UM55gHaE8%26pid%3DApi&f=1&ipt=c2b2874abf084ba27ef11506db3bf48b1b4320871b461a1bd9a8a81f5b0b9cf4&ipo=images"
85,Ho Chi Minh City,Vietnam,"//external-content.duckduckgo.com/iu/?u=https%3A%2F%2Ftse4.mm.bing.net%2Fth%3Fid%3DOIP.xZcUjwS_FDWtDZCRcV7t-QHaE8%26pid%3DApi&f=1&ipt=6501682621da92a39d450a78f3121c6f8866dad5e7a074640bd8b322526ae8ad&ipo=images"
84,Pattaya,Thailand,"//external-content.duckduckgo.com/iu/?u=https%3A%2F%2Ftse1.mm.bing.net%2Fth%3Fid%3DOIP.dSl-FfD9Ewmmw4BsKZ-ImAHaE8%26pid%3DApi&f=1&ipt=fc04435019ae4280a4e64e784d5be2d5ff5791a6261b7f28ac832078b29c37b7&ipo=images"
84,Pattaya,Thailand,"//external-content.duckduckgo.com/iu/?u=https%3A%2F%2Ftse1.mm.bing.net%2Fth%3Fid%3DOIP.d2Twj_mGHg0EyqVMV7YjRQHaIj%26pid%3DApi&f=1&ipt=293fa77b4128eecbe0560f143a717cd549c05712d596a4a60753e4aaa457c2cb&ipo=images"
84,Pattaya,Thailand,"//external-content.duckduckgo.com/iu/?u=https%3A%2F%2Ftse2.mm.bing.net%2Fth%3Fid%3DOIP.s5fPAXUlFDnhLXcgOnP4XAHaD6%26pid%3DApi&f=1&ipt=9545baa7452fca73539e97c8e99ac84b83ab16a5f855da2022db0448da25a377&ipo=images"
83,Tallinn,Estonia,"//external-content.duckduckgo.com/iu/?u=https%3A%2F%2Ftse3.mm.bing.net%2Fth%3Fid%3DOIP.ovczgOII6OuXl0yfYHj21wHaE8%26pid%3DApi&f=1&ipt=470877123ade1c7bcaf7ac0d6ed45fb555fd990659fc35b27ae047dbe422ef96&ipo=images"
83,Tallinn,Estonia,"//external-content.duckduckgo.com/iu/?u=https%3A%2F%2Ftse4.mm.bing.net%2Fth%3Fid%3DOIP.yUM_Ef1sQmb-aKjz89WV-QHaEo%26pid%3DApi&f=1&ipt=3fe0c22f92a0b6176afabb27e159825437abf011ce283046fff25e5351a3b21c&ipo=images"
83,Tallinn,Estonia,"//external-content.duckduckgo.com/iu/?u=https%3A%2F%2Ftse2.mm.bing.net%2Fth%3Fid%3DOIP.OKr-p8bT5IT0LUqQ4O7qqgHaHa%26pid%3DApi&f=1&ipt=a038fa0138339649f87b31700d1e3e69c717f449f9692ce51d55f271bc43144b&ipo=images"
82,Heraklion,Crete,"//external-content.duckduckgo.com/iu/?u=https%3A%2F%2Ftse1.mm.bing.net%2Fth%3Fid%3DOIP.KK4nLFY4cSWY5SCZtrGi1AHaFc%26pid%3DApi&f=1&ipt=048e4288cba67681221dc7a60a8f8dac6d4d73cf88ec542c7960c64523fb69ee&ipo=images"
82,Heraklion,Crete,"//external-content.duckduckgo.com/iu/?u=https%3A%2F%2Ftse4.mm.bing.net%2Fth%3Fid%3DOIP.PMFZjD9B4aZodV_z2hyMGQHaFi%26pid%3DApi&f=1&ipt=fa446b3a4b6e99d51eda22f9e5708b8920b82d3553d25ec9a5bd589077f0eb32&ipo=images"
82,Heraklion,Crete,"//external-content.duckduckgo.com/iu/?u=https%3A%2F%2Ftse1.mm.bing.net%2Fth%3Fid%3DOIP.TJXTlXGGKTqMgmnoz-RBVAHaFa%26pid%3DApi&f=1&ipt=56dd50fc2381631eda02a9cb11e8a678642357fe187de0a8633e097ad1ad3c60&ipo=images"
81,Delhi,India,"//external-content.duckduckgo.com/iu/?u=https%3A%2F%2Ftse2.mm.bing.net%2Fth%3Fid%3DOIP.lDelHrTkA9w7pc1F0wRhzAHaFj%26pid%3DApi&f=1&ipt=20bba7569323a9929ade7a510ce12f884a30420931defd6df78c98c3af1ca3a4&ipo=images"
81,Delhi,India,"//external-content.duckduckgo.com/iu/?u=https%3A%2F%2Ftse4.mm.bing.net%2Fth%3Fid%3DOIP.xF-MOtksYRr61cVCublRpgHaFG%26pid%3DApi&f=1&ipt=537799165cf6c7d014776b085f2290aae389dc6695bfecdd262c47332cb823af&ipo=images"
81,Delhi,India,"//external-content.duckduckgo.com/iu/?u=https%3A%2F%2Ftse3.mm.bing.net%2Fth%3Fid%3DOIP.nolG_jwRXPmDOY5FxtYKqgHaE8%26pid%3DApi&f=1&ipt=ef9656fa53d21cdc775c8f66234ed29db545c1396df541bcba49bdb9244502e4&ipo=images"
80,Phuket,Thailand,"//external-content.duckduckgo.com/iu/?u=https%3A%2F%2Ftse4.mm.bing.net%2Fth%3Fid%3DOIP.WOm8QUt5TU8dp1tNnZdx5AHaFL%26pid%3DApi&f=1&ipt=7eb5da59fe48ac9f28c0bbc3999c3249a154ed675670b3124e4822aa987412e3&ipo=images"
80,Phuket,Thailand,"//external-content.duckduckgo.com/iu/?u=https%3A%2F%2Ftse3.mm.bing.net%2Fth%3Fid%3DOIP.PQobVYg4rzDkNAsPf0J0KwHaE7%26pid%3DApi&f=1&ipt=adfd77e8d59ff56af70164c7603383bf5485f64451b7a0efe1f3d51dd42a1c03&ipo=images"
80,Phuket,Thailand,"//external-content.duckduckgo.com/iu/?u=https%3A%2F%2Ftse4.mm.bing.net%2Fth%3Fid%3DOIP.YKYyhey8A5M8H5Os8m6X8QHaFb%26pid%3DApi&f=1&ipt=52177ffab23739f8a97041ddef490d2f962d6c9c4224d61759f9748ffc4b6831&ipo=images"
79,Lima,Peru,"//external-content.duckduckgo.com/iu/?u=https%3A%2F%2Ftse4.mm.bing.net%2Fth%3Fid%3DOIP.cWEs4RAI7DOzvner3lyXiwHaNK%26pid%3DApi&f=1&ipt=99296193d16753f22ec5982eccb97d8ff041dad7ec58e86413d1d2606b2c28ef&ipo=images"
79,Lima,Peru,"//external-content.duckduckgo.com/iu/?u=https%3A%2F%2Ftse3.mm.bing.net%2Fth%3Fid%3DOIP.wxUW2ovA_F-txD8ybIUnkgHaFW%26pid%3DApi&f=1&ipt=0f17e483ec38f3d74ecfddae3212f3ab3818dd7237762aa5782a106a832be8bd&ipo=images"
79,Lima,Peru,"//external-content.duckduckgo.com/iu/?u=https%3A%2F%2Ftse2.mm.bing.net%2Fth%3Fid%3DOIP.o6WnU6JCZHkWK-lbB6WZ0gHaEK%26pid%3DApi&f=1&ipt=04b677ca23bfa4647de7cf73a15ec5c2780f101f6fc974580be0b7274ce9997f&ipo=images"
78,Buenos Aires,Argentina,"//external-content.duckduckgo.com/iu/?u=https%3A%2F%2Ftse1.mm.bing.net%2Fth%3Fid%3DOIP.Q2e_tt7_ehHoVpmEa8ttOQHaFc%26pid%3DApi&f=1&ipt=45493f77c24166e6bf8ea9202198779dd96a10c4ac56a7fd131f0d7ac98facce&ipo=images"
78,Buenos Aires,Argentina,"//external-content.duckduckgo.com/iu/?u=https%3A%2F%2Ftse3.mm.bing.net%2Fth%3Fid%3DOIP.eJUhFZ7KfhQieiV_97IA4gHaGH%26pid%3DApi&f=1&ipt=aca81e8d6a46002fbf250f04ff983706b1ef9b1ace0eb8a0e8416a3451e7e1ee&ipo=images"
78,Buenos Aires,Argentina,"//external-content.duckduckgo.com/iu/?u=https%3A%2F%2Ftse2.mm.bing.net%2Fth%3Fid%3DOIP.DvVHeUIZo3rrQP9jcBBilgHaEw%26pid%3DApi&f=1&ipt=0469b50b87345db9cd1738e558069e2673bccf37b18bfa0a175d737d478ca4d3&ipo=images"
77,Thessaloniki,Greece,"//external-content.duckduckgo.com/iu/?u=https%3A%2F%2Ftse1.mm.bing.net%2Fth%3Fid%3DOIP.g02UpjlFkMbwhShCYCBvPAHaE8%26pid%3DApi&f=1&ipt=9f46cf4d9def33ba806b851df01bfe05e5363ad869eaf5a20dc1e1e9d74ad89e&ipo=images"
77,Thessaloniki,Greece,"//external-content.duckduckgo.com/iu/?u=https%3A%2F%2Ftse4.mm.bing.net%2Fth%3Fid%3DOIP.vlAEUAOt8BsIao9q1z9HMAHaFc%26pid%3DApi&f=1&ipt=d0226a99b2df3ac727c42bae50532a307ad2db21fe08b5506f7d8cdf608f9c53&ipo=images"
77,Thessaloniki,Greece,"//external-content.duckduckgo.com/iu/?u=https%3A%2F%2Ftse1.mm.bing.net%2Fth%3Fid%3DOIP.BG341wAbsoKrkq4sA1e9NAHaFc%26pid%3DApi&f=1&ipt=0556553dca1bd560eb459cfc5a306c7be64bab3ac04f682fb8a97e949a99194c&ipo=images"
76,Bologna,Italy,"//external-content.duckduckgo.com/iu/?u=https%3A%2F%2Ftse4.explicit.bing.net%2Fth%3Fid%3DOIP.s0OBmMeXmdAto3T9XlDeQgHaE8%26pid%3DApi&f=1&ipt=8186eed26c9d1862a98f87e08fd6a962f4353ed4d7976795d18c2f1398b276a6&ipo=images"
76,Bologna,Italy,"//external-content.duckduckgo.com/iu/?u=https%3A%2F%2Ftse4.mm.bing.net%2Fth%3Fid%3DOIP.Ius2grZY4ewPCMxTGllH8AHaE8%26pid%3DApi&f=1&ipt=692c09500b54565b15c675c17f4da58d6cefdf1a48e04337c67e8818cc5f6a20&ipo=images"
76,Bologna,Italy,"//external-content.duckduckgo.com/iu/?u=https%3A%2F%2Ftse2.mm.bing.net%2Fth%3Fid%3DOIP.4xeaVK8PGg3clZiQn2aqxAHaFj%26pid%3DApi&f=1&ipt=bfcd81c97ac0d68a8dc0f122e10d9dd43855bfd265035705ff91a9ac1732ec87&ipo=images"
75,Verona,Italy,"//external-content.duckduckgo.com/iu/?u=https%3A%2F%2Ftse4.mm.bing.net%2Fth%3Fid%3DOIP._AgOpkMMhpaG0_QjV_2SJwHaE7%26pid%3DApi&f=1&ipt=1f33b2c5abc3c5be093182e2cd6db414b6b7971463c4e599a418a00ce88b04fe&ipo=images"
75,Verona,Italy,"//external-content.duckduckgo.com/iu/?u=https%3A%2F%2Ftse4.mm.bing.net%2Fth%3Fid%3DOIP.4pQv6f5tQhYDYqLPWFcTPgHaEL%26pid%3DApi&f=1&ipt=4154ce62157fde41c6e8287265d99910aabb2140e5d55f5d5ef7a0ba47c0b1bb&ipo=images"
75,Verona,Italy,"//external-content.duckduckgo.com/iu/?u=https%3A%2F%2Ftse1.mm.bing.net%2Fth%3Fid%3DOIP.OcNZMOSDLTT7ywkT79TK0wHaNJ%26pid%3DApi&f=1&ipt=50aad9709d6a453b83fe9988c48dbae4778319a62f2e57d5fe2fef5f9ac0735f&ipo=images"
74,Rhodes,Greece,"//external-content.duckduckgo.com/iu/?u=https%3A%2F%2Ftse1.mm.bing.net%2Fth%3Fid%3DOIP.TyntUF3YEV1QGD_NEeOQHwHaE8%26pid%3DApi&f=1&ipt=7f7be5fe76de2734d6f35831bfa7b5f2a142dc1ddbbe047157021ee5e4549e08&ipo=images"
74,Rhodes,Greece,"//external-content.duckduckgo.com/iu/?u=https%3A%2F%2Ftse1.mm.bing.net%2Fth%3Fid%3DOIP.12-O9vSkWdDNLO44apb4AQHaFj%26pid%3DApi&f=1&ipt=7f7af35ad43846d827cbfab8d45f24420c2990f6a7f5074d95af7a8458d0ecc8&ipo=images"
74,Rhodes,Greece,"//external-content.duckduckgo.com/iu/?u=https%3A%2F%2Ftse3.mm.bing.net%2Fth%3Fid%3DOIP.ujSFuoHJ_mHKNFsVTK0kvAHaFj%26pid%3DApi&f=1&ipt=f15ef7ccf42841d27a1c3df2195ea300fcd37b556d7c8d3a85bf0f319088918b&ipo=images"
73,Sharjah,United Arab Emirates,"//external-content.duckduckgo.com/iu/?u=https%3A%2F%2Ftse4.mm.bing.net%2Fth%3Fid%3DOIP.gqfmhJkEce5q8pijvRqPywHaFc%26pid%3DApi&f=1&ipt=659939693b033eb58142403f08c366b7cc305b2b9a47027f66f5b2046cfdf5aa&ipo=images"
73,Sharjah,United Arab Emirates,"//external-content.duckduckgo.com/iu/?u=https%3A%2F%2Ftse2.mm.bing.net%2Fth%3Fid%3DOIP.FZTnBHx8Y9T_1s3b_FcDLwHaFa%26pid%3DApi&f=1&ipt=8df787c178aeea9ba20d4dc377b51087167e7e45141412dee33402b8209ccc41&ipo=images"
73,Sharjah,United Arab Emirates,"//external-content.duckduckgo.com/iu/?u=https%3A%2F%2Ftse2.mm.bing.net%2Fth%3Fid%3DOIP.KMMlbLrMXC5fWl0slsmsFQHaFb%26pid%3DApi&f=1&ipt=7e4b1a67503e519e0e2bcba7bbac65d9a556599a1b3eeb5d14a0ae94fc1bde46&ipo=images"
72,Doha,Qatar,"//external-content.duckduckgo.com/iu/?u=https%3A%2F%2Ftse2.mm.bing.net%2Fth%3Fid%3DOIP.xwdOubFUh2dBjhfOP6ppcgHaEt%26pid%3DApi&f=1&ipt=6e2a30ef0d3390e7295cabd0c89e3026d5a1cf47928a8254a7725f68f7e2cc13&ipo=images"
72,Doha,Qatar,"//external-content.duckduckgo.com/iu/?u=https%3A%2F%2Ftse3.mm.bing.net%2Fth%3Fid%3DOIP.GJL_cxGNuJ4DkvywIfSZEAHaEx%26pid%3DApi&f=1&ipt=efef69021b6c1b8ab01a958cf285ca318ddfe0ac3546b61e0fe4150041fe4078&ipo=images"
72,Doha,Qatar,"//external-content.duckduckgo.com/iu/?u=https%3A%2F%2Ftse1.mm.bing.net%2Fth%3Fid%3DOIP.28beVYJ4HTCTdH7gu4_OwwHaFs%26pid%3DApi&f=1&ipt=8f1b2f69b796b676a179c39faedf3d6bfef9ca693d06e5746e24b5a219f49c19&ipo=images"
71,Marne-la-Vallee,France,"//external-content.duckduckgo.com/iu/?u=https%3A%2F%2Ftse1.mm.bing.net%2Fth%3Fid%3DOIP.7AgRtV_tp2NqDa9dYgvruAHaEK%26pid%3DApi&f=1&ipt=ee0bf1e2dbb1c605689714881790e87ab663f07eae5fab2dcc62bf6b422f2252&ipo=images"
71,Marne-la-Vallee,France,"//external-content.duckduckgo.com/iu/?u=https%3A%2F%2Ftse1.mm.bing.net%2Fth%3Fid%3DOIP.aUjgl8TL3vitRXPw9rCk2gHaGD%26pid%3DApi&f=1&ipt=e52f5e6c9bc5a6fb9f8058b039aa83024a415a724c2924b7146e1174dc5379da&ipo=images"
71,Marne-la-Vallee,France,"//external-content.duckduckgo.com/iu/?u=https%3A%2F%2Ftse3.mm.bing.net%2Fth%3Fid%3DOIP.MHihCrEuu4sfgtmQfzpiFwHaFc%26pid%3DApi&f=1&ipt=92d7dc1224bbc9e12ae13b8fbd4edb9aca9dd67ab8a385dcba73e91ed0d01d42&ipo=images"
70,Cancun,Mexico,"//external-content.duckduckgo.com/iu/?u=https%3A%2F%2Ftse2.mm.bing.net%2Fth%3Fid%3DOIP.gfHJNxEDZy8fpSjmG4YmsAHaE7%26pid%3DApi&f=1&ipt=5885623ed9320edab582596d795d8331c9c413d68a7d8290854f216db3f5c30c&ipo=images"
70,Cancun,Mexico,"//external-content.duckduckgo.com/iu/?u=https%3A%2F%2Ftse1.mm.bing.net%2Fth%3Fid%3DOIP.FAs4l9xK9oMP5YHLYRxNmQHaFS%26pid%3DApi&f=1&ipt=669c0055374b36462110fb7903f36c084ab58a6afc92a3e3177ddc1b473fc253&ipo=images"
70,Cancun,Mexico,"//external-content.duckduckgo.com/iu/?u=https%3A%2F%2Ftse4.mm.bing.net%2Fth%3Fid%3DOIP.ouvB1Q9OeNXj26Yl_sgVlAHaFj%26pid%3DApi&f=1&ipt=e37884f7af53db78d85ef58666ab66ff7c27c801890374e42e81786aec49cae1&ipo=images"
69,Macau,China,"//external-content.duckduckgo.com/iu/?u=https%3A%2F%2Ftse3.mm.bing.net%2Fth%3Fid%3DOIP.dWCxfehHnbf2uquUMIjv6QHaE8%26pid%3DApi&f=1&ipt=8b8de9b89a382ee952b83eacf02344c2db70f1faf8c5f30e007c3baa7d7a5bfb&ipo=images"
69,Macau,China,"//external-content.duckduckgo.com/iu/?u=https%3A%2F%2Ftse1.mm.bing.net%2Fth%3Fid%3DOIP.Gaan3_3QMpe10bvjuambVgHaFQ%26pid%3DApi&f=1&ipt=bca76178cca7f23319ecff7fbf4712fa8316d81b3956bcb867488d28b65c2365&ipo=images"
69,Macau,China,"//external-content.duckduckgo.com/iu/?u=https%3A%2F%2Ftse4.mm.bing.net%2Fth%3Fid%3DOIP.-_k727n4usDLEBmorE1UaQHaFY%26pid%3DApi&f=1&ipt=db8f74e25db210cba324eb3d7a52bea6b71cfeb6b5857ccaff4bb601c2a4ec98&ipo=images"
68,Montreal,Canada,"//external-content.duckduckgo.com/iu/?u=https%3A%2F%2Ftse1.mm.bing.net%2Fth%3Fid%3DOIP.je_BMQ4fqQsmZ_wCyBAtbQHaFS%26pid%3DApi&f=1&ipt=e37dadb3e2591077216f7646851898ea73b4a3f963f67f970e7a1b9af859b686&ipo=images"
68,Montreal,Canada,"//external-content.duckduckgo.com/iu/?u=https%3A%2F%2Ftse2.mm.bing.net%2Fth%3Fid%3DOIP.mu1TjLOWsQIerJ6B5vWJtAHaFj%26pid%3DApi&f=1&ipt=2e5b70677fbb1089e0924636c2be00b29436000f1507bbed02a13836487fcbe2&ipo=images"
68,Montreal,Canada,"//external-content.duckduckgo.com/iu/?u=https%3A%2F%2Ftse2.explicit.bing.net%2Fth%3Fid%3DOIP.Ai29LlawyW071vSiVmhWogHaE8%26pid%3DApi&f=1&ipt=e0da991bde62f62b80d9abdd770fb642a533595ea21c47a40882c58130c9f89c&ipo=images"
67,Honolulu,United States,"//external-content.duckduckgo.com/iu/?u=https%3A%2F%2Ftse3.mm.bing.net%2Fth%3Fid%3DOIP.ZUcw1FpDa-6HcCh3ey1CZwHaFO%26pid%3DApi&f=1&ipt=1b885ab6f0bfc314846705188b3200450a2522b658edb3a12f1d0a6e76e4ce55&ipo=images"
67,Honolulu,United States,"//external-content.duckduckgo.com/iu/?u=https%3A%2F%2Ftse3.mm.bing.net%2Fth%3Fid%3DOIP.Nfu-2lHCkhFobeSSxw8R-gHaE7%26pid%3DApi&f=1&ipt=ca156e9f2e6a6fa7970a2377dd80996bb6078872ecd94b4dae867e4be10bacc4&ipo=images"
67,Honolulu,United States,"//external-content.duckduckgo.com/iu/?u=https%3A%2F%2Ftse1.mm.bing.net%2Fth%3Fid%3DOIP.tSTLtKKhK5B8yMRy2afvqAHaEQ%26pid%3DApi&f=1&ipt=03dfa24564dc1c8b548bacf832bece09847a871f725d0f1357007fb646f7e698&ipo=images"
66,Rio de Janeiro,Brazil,"//external-content.duckduckgo.com/iu/?u=https%3A%2F%2Ftse4.mm.bing.net%2Fth%3Fid%3DOIP.pZh-H7Q6x3eDTyFOcyKrjQHaE8%26pid%3DApi&f=1&ipt=6ed29ebb8c81ee8e964926f4f7f631563e5553ac67e694637fb4d2a28b9c5771&ipo=images"
66,Rio de Janeiro,Brazil,"//external-content.duckduckgo.com/iu/?u=https%3A%2F%2Ftse3.mm.bing.net%2Fth%3Fid%3DOIP.cgrkapbLk8iLtJGWclBDGQHaEo%26pid%3DApi&f=1&ipt=98f605e910b3740c00abd5ee411b398bb0e76c09d57ac6ba21e99b6946128267&ipo=images"
66,Rio de Janeiro,Brazil,"//external-content.duckduckgo.com/iu/?u=https%3A%2F%2Ftse3.mm.bing.net%2Fth%3Fid%3DOIP.8xuVGAYZAZkbXkl4xpl54gHaEK%26pid%3DApi&f=1&ipt=7f655c8dac023dfc314096ba9c51ece9c71a1b39b9372ea7c702451769c8ccb9&ipo=images"
65,Krakow,Poland,"//external-content.duckduckgo.com/iu/?u=https%3A%2F%2Ftse3.mm.bing.net%2Fth%3Fid%3DOIP.VTHG2BRZ9jG1fDFVOR0ZpwHaE8%26pid%3DApi&f=1&ipt=1297bdab12ccb815d634abe55c28569635c2ede9374679be8dad3817de9436ef&ipo=images"
65,Krakow,Poland,"//external-content.duckduckgo.com/iu/?u=https%3A%2F%2Ftse1.mm.bing.net%2Fth%3Fid%3DOIP.DEb8Mcuues62cT_p6MoTZgHaFE%26pid%3DApi&f=1&ipt=511b28748162debdb1930de2626931f213268c0be6edd2ab44bf291323d8556d&ipo=images"
65,Krakow,Poland,"//external-content.duckduckgo.com/iu/?u=https%3A%2F%2Ftse3.mm.bing.net%2Fth%3Fid%3DOIP.qCPXLaJJ2FpN8gwMnYepYgHaE8%26pid%3DApi&f=1&ipt=0a86d305640fd31942f10175c364840019e7f3567583a2418a1f33a3043b71cc&ipo=images"
64,Jerusalem,Israel,"//external-content.duckduckgo.com/iu/?u=https%3A%2F%2Ftse4.mm.bing.net%2Fth%3Fid%3DOIP.yx_ClZmVAK9ZXLYQq15iGAHaE8%26pid%3DApi&f=1&ipt=929196c8c969141d18d1f95430ff348f354999d7e0dbe385d147f568180ed654&ipo=images"
64,Jerusalem,Israel,"//external-content.duckduckgo.com/iu/?u=https%3A%2F%2Ftse4.mm.bing.net%2Fth%3Fid%3DOIP.-s-7KFfcizA8vN0XK3OJcgHaFS%26pid%3DApi&f=1&ipt=a64038ff63d2928947f731accf2333ace801f3cc0a8744110a0d84621869853e&ipo=images"
64,Jerusalem,Israel,"//external-content.duckduckgo.com/iu/?u=https%3A%2F%2Ftse4.mm.bing.net%2Fth%3Fid%3DOIP.yDs9Ke4Xm-AzOkpXPFV8jQHaE8%26pid%3DApi&f=1&ipt=b44a03c01a84f3c8bc247c2efe9bfd9d26dad2767d105fd1379cd1739db76a1a&ipo=images"
63,Porto,Portugal,"//external-content.duckduckgo.com/iu/?u=https%3A%2F%2Ftse4.mm.bing.net%2Fth%3Fid%3DOIP.fPLsQTaQeHz5c8MNrbRmPgHaEK%26pid%3DApi&f=1&ipt=dfe8d3af58e7611da33dd9d84910a7bff95994711b900f20450f20b734762af2&ipo=images"
63,Porto,Portugal,"//external-content.duckduckgo.com/iu/?u=https%3A%2F%2Ftse4.mm.bing.net%2Fth%3Fid%3DOIP.cuTCKAKR3eOqIWWReEOJqgHaLJ%26pid%3DApi&f=1&ipt=6eca4f522ae48de6015a66b7160fa7203f4ad511b8c5dafd6130d73a4bdcd638&ipo=images"
63,Porto,Portugal,"//external-content.duckduckgo.com/iu/?u=https%3A%2F%2Ftse1.mm.bing.net%2Fth%3Fid%3DOIP.mzOp4f9lAJxTH-EpvtFDVQHaEo%26pid%3DApi&f=1&ipt=f98f087f66aabfd0c23bde27883c730c03ed1daf7cb1698fed82c103766d8bbf&ipo=images"
62,Edinburgh,Scotland,"//external-content.duckduckgo.com/iu/?u=https%3A%2F%2Ftse4.mm.bing.net%2Fth%3Fid%3DOIP.epuxi-6E9GYo1yWIX_5oRQHaE8%26pid%3DApi&f=1&ipt=5932908a1924238af54c67f3765c15970d5e5649461477ba46e675c9aa66ce79&ipo=images"
62,Edinburgh,Scotland,"//external-content.duckduckgo.com/iu/?u=https%3A%2F%2Ftse1.mm.bing.net%2Fth%3Fid%3DOIP.BNDi-tY-6tkCTeAo4-ZaYQHaEK%26pid%3DApi&f=1&ipt=4474ad132496754aa4d06f130a71636ed974d71d8ca8c838d68432db96fe5e3b&ipo=images"
62,Edinburgh,Scotland,"//external-content.duckduckgo.com/iu/?u=https%3A%2F%2Ftse4.mm.bing.net%2Fth%3Fid%3DOIP.BMpJnt5G4lvT9mWXWWrqIgHaE8%26pid%3DApi&f=1&ipt=7c2f051ca66a3a14b5f3fdb8be96acb211b975a4d2b0b8b90ede443490267638&ipo=images"
61,Fukuoka,Japan,"//external-content.duckduckgo.com/iu/?u=https%3A%2F%2Ftse4.mm.bing.net%2Fth%3Fid%3DOIP.hUGZiOvctxtMz3BSE_AoQQHaE7%26pid%3DApi&f=1&ipt=9a6574eb873e8d9203e3179ca96d2d19a79dd9a424997ce7c171cc223601c0fb&ipo=images"
61,Fukuoka,Japan,"//external-content.duckduckgo.com/iu/?u=https%3A%2F%2Ftse2.mm.bing.net%2Fth%3Fid%3DOIP.Hi6b00fWVmCpZ4qCwb0xQwHaFc%26pid%3DApi&f=1&ipt=bf15e733f23ac4b8977af4f31b7dd850c20e694141d5794a1645eddd239c49d8&ipo=images"
61,Fukuoka,Japan,"//external-content.duckduckgo.com/iu/?u=https%3A%2F%2Ftse2.mm.bing.net%2Fth%3Fid%3DOIP.kRm80pqRE6J2leaCC35oPwHaEK%26pid%3DApi&f=1&ipt=8a8e9a420fa7be2378610c5fdfb3a8ad397bb68211894695a089ec0b26c4b5ae&ipo=images"
60,Busan,South Korea,"//external-content.duckduckgo.com/iu/?u=https%3A%2F%2Ftse3.mm.bing.net%2Fth%3Fid%3DOIP.SwMlhEYc03tM9lHOqqRV9QHaFc%26pid%3DApi&f=1&ipt=a5572be3be0f0fe2eb8e6c7ef6d2b375ef7b16d770bd1b081357b72f7a172a21&ipo=images"
60,Busan,South Korea,"//external-content.duckduckgo.com/iu/?u=https%3A%2F%2Ftse4.mm.bing.net%2Fth%3Fid%3DOIP.5d0653LUu--VH7-wfui_ggHaEl%26pid%3DApi&f=1&ipt=3838742a75b00d7211d1ad4fcd83d1d83e871329d345cfa03c24216c02ae7a99&ipo=images"
60,Busan,South Korea,"//external-content.duckduckgo.com/iu/?u=https%3A%2F%2Ftse2.mm.bing.net%2Fth%3Fid%3DOIP.5Xnq4owgoVCwonV_7S1gYgHaEK%26pid%3DApi&f=1&ipt=f08f72c000f91785ec2b84b1f074cc27a99c1265bb49e4cff16a940f0697662f&ipo=images"
59,Beijing,China,"//external-content.duckduckgo.com/iu/?u=https%3A%2F%2Ftse3.mm.bing.net%2Fth%3Fid%3DOIP.ioxhRsSosABehjFheae0dQHaFA%26pid%3DApi&f=1&ipt=9b0b1634d3ed432f834cb3230c35f9208144a6f76dd1dfb49358de8ac48da7b1&ipo=images"
59,Beijing,China,"//external-content.duckduckgo.com/iu/?u=https%3A%2F%2Ftse2.mm.bing.net%2Fth%3Fid%3DOIP.ildU9cUOypoFfPto7IRzwQHaE8%26pid%3DApi&f=1&ipt=1147eeac52292d69bc6a277d7ba9c9c749ff30861e81ecddd6c25336ed379f40&ipo=images"
59,Beijing,China,"//external-content.duckduckgo.com/iu/?u=https%3A%2F%2Ftse2.mm.bing.net%2Fth%3Fid%3DOIP.oOi-aVFCIFkwOuA4NWrPsgHaE8%26pid%3DApi&f=1&ipt=fb8e2f3357040f61dc77b774ad5b54d3dfe873f7a8daf9039aa187a81eb13583&ipo=images"
58,Sapporo,Japan,"//external-content.duckduckgo.com/iu/?u=https%3A%2F%2Ftse4.mm.bing.net%2Fth%3Fid%3DOIP.-nLtyo85wdaujMIen6hp9AHaEK%26pid%3DApi&f=1&ipt=4a80d1f1728b5845b215e70f96d342a705860c0bd74fb267839e28ffb5358d10&ipo=images"
58,Sapporo,Japan,"//external-content.duckduckgo.com/iu/?u=https%3A%2F%2Ftse2.mm.bing.net%2Fth%3Fid%3DOIP.Mr0GwdL2d5K-VnDUlo28NgHaFc%26pid%3DApi&f=1&ipt=20b691a41b46541fd04dca71c79e75b9477a21b57b18464240ec50dbffb1b357&ipo=images"
58,Sapporo,Japan,"//external-content.duckduckgo.com/iu/?u=https%3A%2F%2Ftse1.mm.bing.net%2Fth%3Fid%3DOIP.gh92exadyT4CvLDx7lOH_gHaHa%26pid%3DApi&f=1&ipt=8fc4a2f84be5464756b78c3cb12b7cb8a82c66668222431c6150653b422c974c&ipo=images"
57,Antalya,Turkey,"//external-content.duckduckgo.com/iu/?u=https%3A%2F%2Ftse2.mm.bing.net%2Fth%3Fid%3DOIP.xW3MDX4jr6Ong63gbGCz1AHaGD%26pid%3DApi&f=1&ipt=7c7799f681d169da9d85dd3f3406fe5c357fbfeb3c8c5fa4cb1ed7716073938d&ipo=images"
57,Antalya,Turkey,"//external-content.duckduckgo.com/iu/?u=https%3A%2F%2Ftse4.mm.bing.net%2Fth%3Fid%3DOIP.3sn61TRR28U8J6HrRi1ymAHaE8%26pid%3DApi&f=1&ipt=a4aa5c0bc903a3340063a3600c06417f8796bda93b134025d1533a6966bbaf5b&ipo=images"
57,Antalya,Turkey,"//external-content.duckduckgo.com/iu/?u=https%3A%2F%2Ftse3.mm.bing.net%2Fth%3Fid%3DOIP.HP5clUyVVvemTWQOo_avygHaHa%26pid%3DApi&f=1&ipt=3ff2f8a2e49983eb6afb38aee2710e1e3a618bd7046e475bcc87078b37bb4a04&ipo=images"
56,Mexico City,Mexico,"//external-content.duckduckgo.com/iu/?u=https%3A%2F%2Ftse4.mm.bing.net%2Fth%3Fid%3DOIP.1sdmYNiOh0f8BbGL0HVvoQHaE8%26pid%3DApi&f=1&ipt=76b99b6b146ae1c4ac8b8ee2b09aa2c942a928953fb836d1e53b1b2e1c183159&ipo=images"
56,Mexico City,Mexico,"//external-content.duckduckgo.com/iu/?u=https%3A%2F%2Ftse3.mm.bing.net%2Fth%3Fid%3DOIP.BNgBa7mP4dyznUeeyYh7owHaE7%26pid%3DApi&f=1&ipt=08cb3755e9c657188c76c0706d12c1a82e1b40e1c6dca43d6f1014bf9d8864b8&ipo=images"
56,Mexico City,Mexico,"//external-content.duckduckgo.com/iu/?u=https%3A%2F%2Ftse4.mm.bing.net%2Fth%3Fid%3DOIP.Z9F78NNCkOVI6nhzSNd1gQHaFj%26pid%3DApi&f=1&ipt=827727e38156c33df441783504b4170b446e1230306cd5a41944c4de75912ee8&ipo=images"
55,Valencia,Spain,"//external-content.duckduckgo.com/iu/?u=https%3A%2F%2Ftse3.mm.bing.net%2Fth%3Fid%3DOIP.U-K173Or8UA61wbD2TSWFQHaGD%26pid%3DApi&f=1&ipt=c466d478137ce58741f7f435514bd29b815b181f0c846be483298749158f0ea5&ipo=images"
55,Valencia,Spain,"//external-content.duckduckgo.com/iu/?u=https%3A%2F%2Ftse1.mm.bing.net%2Fth%3Fid%3DOIP.GLaixYUk3dYwaFW7G6j_QgHaGZ%26pid%3DApi&f=1&ipt=5bbefc09596b2bb2841c4fae6fbec4df9e8c71b8ccf362ed2a543f766d1e389a&ipo=images"
55,Valencia,Spain,"//external-content.duckduckgo.com/iu/?u=https%3A%2F%2Ftse1.mm.bing.net%2Fth%3Fid%3DOIP.brvtgGP0yYYPrFF_kqbN-wHaFc%26pid%3DApi&f=1&ipt=211e70823daedf13a700a9dee5542d67ffe4d70ea4e8d9c7f451e5c985a85de1&ipo=images"
54,Sao Paulo,Brazil,"//external-content.duckduckgo.com/iu/?u=https%3A%2F%2Ftse4.mm.bing.net%2Fth%3Fid%3DOIP.ihiMe_59VZm5gcMYPEl0MwHaFH%26pid%3DApi&f=1&ipt=9986f0e20b83fab368d21d0ecf2a9ed5e8a013a18cd88d8175ba487c3c48079d&ipo=images"
54,Sao Paulo,Brazil,"//external-content.duckduckgo.com/iu/?u=https%3A%2F%2Ftse4.mm.bing.net%2Fth%3Fid%3DOIP.lyzWHxN0sGVtkmC9ctLdIQHaFc%26pid%3DApi&f=1&ipt=cfafd82a33dae4f1cc43e9b4bc9786a518649456ffa8bb0436b36a98ee39dac9&ipo=images"
54,Sao Paulo,Brazil,"//external-content.duckduckgo.com/iu/?u=https%3A%2F%2Ftse2.mm.bing.net%2Fth%3Fid%3DOIP.OyAfF5eDJIbx63DQKub1GAHaFS%26pid%3DApi&f=1&ipt=8e196397d643ae1113a34f11322e459188d382e685fc972445d3b3e591360bb2&ipo=images"
53,Seville,Spain,"//external-content.duckduckgo.com/iu/?u=https%3A%2F%2Ftse2.mm.bing.net%2Fth%3Fid%3DOIP.qHWBKLtyW_ANM-kmE80y5QHaFc%26pid%3DApi&f=1&ipt=afef55426b540e7a2ed18b7deb34b868b20d782e50ac5a20c4ff7963225fc36b&ipo=images"
53,Seville,Spain,"//external-content.duckduckgo.com/iu/?u=https%3A%2F%2Ftse2.mm.bing.net%2Fth%3Fid%3DOIP.wqkdJpAWjZrPyjIpEhHvaQHaE7%26pid%3DApi&f=1&ipt=3a4f49c7e6c8916e37785c2e369ab04b58d3b591853c66c8119bf49e45d075c0&ipo=images"
53,Seville,Spain,"//external-content.duckduckgo.com/iu/?u=https%3A%2F%2Ftse1.mm.bing.net%2Fth%3Fid%3DOIP.Lb29-bfcybdsqFQZk5S_RgHaFc%26pid%3DApi&f=1&ipt=6623db0c354f81a67bcb6db18d2a2383d52745941a13b1f96582412646b1bd2d&ipo=images"
52,Palma de Mallorca,Spain,"//external-content.duckduckgo.com/iu/?u=https%3A%2F%2Ftse3.mm.bing.net%2Fth%3Fid%3DOIP.LCZEIwzl3gEe35_4kKAZHgHaE3%26pid%3DApi&f=1&ipt=e38ac08c7dad498acae1b2b5d1f7181c8183286eaf17710ffa675666f4c1d4c7&ipo=images"
52,Palma de Mallorca,Spain,"//external-content.duckduckgo.com/iu/?u=https%3A%2F%2Ftse2.mm.bing.net%2Fth%3Fid%3DOIP.iB1zGHQwGqA_z16SvAZGXwHaFj%26pid%3DApi&f=1&ipt=0ffa557cb1cc79099deea5d6ab83d89fcb8fb196a06f4c7e82859f6f9ce1f8a3&ipo=images"
52,Palma de Mallorca,Spain,"//external-content.duckduckgo.com/iu/?u=https%3A%2F%2Ftse1.mm.bing.net%2Fth%3Fid%3DOIP.qGWvNdpiRBmKhuYWsLYkvwHaE7%26pid%3DApi&f=1&ipt=42c5d2bd02b9b7cc8fd49a511f95ba8811e235753c741750909893368a13337a&ipo=images"
51,Vancouver,Canada,"//external-content.duckduckgo.com/iu/?u=https%3A%2F%2Ftse4.mm.bing.net%2Fth%3Fid%3DOIP.ZXBqcau8-prl5J7q1GHmJAHaFf%26pid%3DApi&f=1&ipt=0f1918ace6a91ceaae3dfd3a994b23eca17d83ffe519d248b378f7730768f13c&ipo=images"
51,Vancouver,Canada,"//external-content.duckduckgo.com/iu/?u=https%3A%2F%2Ftse3.mm.bing.net%2Fth%3Fid%3DOIP.NSxeekn0Mg9tap16Dm01XwHaE8%26pid%3DApi&f=1&ipt=c0e236a9dd1342463e65e793f715298121e253adbeb7fa97ac43cffcb14dac01&ipo=images"
51,Vancouver,Canada,"//external-content.duckduckgo.com/iu/?u=https%3A%2F%2Ftse3.mm.bing.net%2Fth%3Fid%3DOIP.k0FN9Pq4Z0LIN4xUgfl4tAHaEo%26pid%3DApi&f=1&ipt=54b1a2967fd57eb0b9a723fb45a0051594f4c8ffe31fe8f07fc2929b203c32b7&ipo=images"
50,Shenzhen,China,"//external-content.duckduckgo.com/iu/?u=https%3A%2F%2Ftse1.mm.bing.net%2Fth%3Fid%3DOIP.v3wgZ0ZVzObRxT88eQ57kAHaE8%26pid%3DApi&f=1&ipt=d615e8f660ab45538fb2ab59a23844e99ad14ac74a9e52d7c2f94497ab881809&ipo=images"
50,Shenzhen,China,"//external-content.duckduckgo.com/iu/?u=https%3A%2F%2Ftse2.mm.bing.net%2Fth%3Fid%3DOIP.fsLwZZ2qErxSXHWbFCIQEQHaFc%26pid%3DApi&f=1&ipt=5447891bd11709e2162107b8e34241695f30043a1ece405958dbff59b1508480&ipo=images"
50,Shenzhen,China,"//external-content.duckduckgo.com/iu/?u=https%3A%2F%2Ftse1.mm.bing.net%2Fth%3Fid%3DOIP.vsoXGiFYwPlsxBEKoFjodwHaE8%26pid%3DApi&f=1&ipt=6880b98f217f46f670c244b2a5ed47f3d492cb9501f26816aec4437278d26789&ipo=images"
49,Budapest,Hungary,"//external-content.duckduckgo.com/iu/?u=https%3A%2F%2Ftse4.mm.bing.net%2Fth%3Fid%3DOIP.oPpYO6tHohvg7KcrrxdBoQHaEO%26pid%3DApi&f=1&ipt=1d63248655b3576aee621d8edbe1c35c7fca02ef9483edc6056248724cd41fb1&ipo=images"
49,Budapest,Hungary,"//external-content.duckduckgo.com/iu/?u=https%3A%2F%2Ftse3.mm.bing.net%2Fth%3Fid%3DOIP.dGlRfZT3nzRqXe7YsdfWVAHaEo%26pid%3DApi&f=1&ipt=312337fe735df09c4c57e0f28ec716b484979c04c8581be27fff2bf1f2a12970&ipo=images"
49,Budapest,Hungary,"//external-content.duckduckgo.com/iu/?u=https%3A%2F%2Ftse4.explicit.bing.net%2Fth%3Fid%3DOIP.0WMlfGMM0XrMQTkcYdAP1wHaE8%26pid%3DApi&f=1&ipt=da7db43aff4bf6eabf49cc0885bfe05899b954289086c0392b815bb8ffa57023&ipo=images"
48,Washington DC,United States,"//external-content.duckduckgo.com/iu/?u=https%3A%2F%2Ftse2.mm.bing.net%2Fth%3Fid%3DOIP.-cF_SzeZBYwVfztbUtj1agHaFk%26pid%3DApi&f=1&ipt=440a009deaf42cb9d82a18c172c705153337643c32f23211765c4c7f15e46ace&ipo=images"
48,Washington DC,United States,"//external-content.duckduckgo.com/iu/?u=https%3A%2F%2Ftse1.mm.bing.net%2Fth%3Fid%3DOIP.WNEyUOI-Z8CZX9m5jIwo2wHaEo%26pid%3DApi&f=1&ipt=b89eb629badcba7569b79a3e390e7fa61815840849d2b4c1edadc10fdfa81f70&ipo=images"
48,Washington DC,United States,"//external-content.duckduckgo.com/iu/?u=https%3A%2F%2Ftse2.mm.bing.net%2Fth%3Fid%3DOIP.ErRjSvnLXRfbUR0qzEX6TgHaE7%26pid%3DApi&f=1&ipt=6ced5d528fbafd4f39cac46c130b6f198412b83221b7602fd1db4720e9fabd52&ipo=images"
47,Nice,France,"//external-content.duckduckgo.com/iu/?u=https%3A%2F%2Ftse2.mm.bing.net%2Fth%3Fid%3DOIP.KCzQo4Dag9JPnQCxAw9mEAHaE8%26pid%3DApi&f=1&ipt=6b0942b9358f882bc6ea80c0cc71055895c66a8d14e48d46ccf9923fdfed5943&ipo=images"
47,Nice,France,"//external-content.duckduckgo.com/iu/?u=https%3A%2F%2Ftse4.mm.bing.net%2Fth%3Fid%3DOIP.BN5NRd2oi7V_FpidTnLTwwHaFj%26pid%3DApi&f=1&ipt=0b6954eaf30f491bdcc4989e09422dd4d51e31d39d060372284950f362c04bb4&ipo=images"
47,Nice,France,"//external-content.duckduckgo.com/iu/?u=https%3A%2F%2Ftse4.mm.bing.net%2Fth%3Fid%3DOIP.Gvl5LG-4po9UigMz-625MwHaFZ%26pid%3DApi&f=1&ipt=6767f2608b327a97cc690ad0c801e339eb9658882ba8cd7a0af0d1d55d1f2c19&ipo=images"
46,Copenhagen,Denmark,"//external-content.duckduckgo.com/iu/?u=https%3A%2F%2Ftse1.mm.bing.net%2Fth%3Fid%3DOIP.layDOoOkLYoXt3Eiw0ulZgHaFW%26pid%3DApi&f=1&ipt=c45b90cbf9cc66d202f772a168483dfaba6a2e19f1f471221dbab3e6a3b6e327&ipo=images"
46,Copenhagen,Denmark,"//external-content.duckduckgo.com/iu/?u=https%3A%2F%2Ftse3.mm.bing.net%2Fth%3Fid%3DOIP.pW1xCIKZmOWKlvjpIKYqVQHaE8%26pid%3DApi&f=1&ipt=aba336f654c3ffc371711b1feb994e66aaf96905d8032c721cc0bf482f385187&ipo=images"
46,Copenhagen,Denmark,"//external-content.duckduckgo.com/iu/?u=https%3A%2F%2Ftse3.mm.bing.net%2Fth%3Fid%3DOIP.qEpiPSNILJzKVFFuULIXbQHaE8%26pid%3DApi&f=1&ipt=111573ca5bdb3f6b05575920d9a03146907846b2056aa79858a945f144fbd7cc&ipo=images"
45,Guangzhou,China,"//external-content.duckduckgo.com/iu/?u=https%3A%2F%2Ftse2.mm.bing.net%2Fth%3Fid%3DOIP.RbjvN8kmlL3WrsCD4vjW3QHaFW%26pid%3DApi&f=1&ipt=c506079f5c321d715c34b8271cad7afa62b8c95fba5f0671b12c006e271582b7&ipo=images"
45,Guangzhou,China,"//external-content.duckduckgo.com/iu/?u=https%3A%2F%2Ftse2.mm.bing.net%2Fth%3Fid%3DOIP.CN4jGbPiyIUbgzYolMm1tQHaE8%26pid%3DApi&f=1&ipt=89b86c039b258db88831ea77236551c5a9a023bf0d2bb36a96a9cb349bba30e9&ipo=images"
45,Guangzhou,China,"//external-content.duckduckgo.com/iu/?u=https%3A%2F%2Ftse2.mm.bing.net%2Fth%3Fid%3DOIP.isS-YUFJiFsXPP66Rh87VQHaFP%26pid%3DApi&f=1&ipt=e164e75d679824fc40e3a943a938b53fc75686815d56e43e5879f9e647b6ec4d&ipo=images"
44,Warsaw,Poland,"//external-content.duckduckgo.com/iu/?u=https%3A%2F%2Ftse2.mm.bing.net%2Fth%3Fid%3DOIP.cgfORMHg8KGdVuGYEjd9UgHaE_%26pid%3DApi&f=1&ipt=53294d284a575aef88f2004c0c82b26b9ab4593465ba8e3cbdb48dd93cfed4e0&ipo=images"
44,Warsaw,Poland,"//external-content.duckduckgo.com/iu/?u=https%3A%2F%2Ftse4.mm.bing.net%2Fth%3Fid%3DOIP.6YmXE_AxAiQA8j3xY0PVrgHaE7%26pid%3DApi&f=1&ipt=4a29a8d4d0a6ecc165ccfc3184c5c7b167b52f2f46b83e6a342c118c1543fd94&ipo=images"
44,Warsaw,Poland,"//external-content.duckduckgo.com/iu/?u=https%3A%2F%2Ftse1.mm.bing.net%2Fth%3Fid%3DOIP.9-7fr-rkz5wCGLC7miAszgHaE8%26pid%3DApi&f=1&ipt=af73e2c480f3bc62421a145ea98772a33deebbf0c9eae2cfd04d8cc15cf3eaff&ipo=images"
43,Shanghai,China,"//external-content.duckduckgo.com/iu/?u=https%3A%2F%2Ftse1.mm.bing.net%2Fth%3Fid%3DOIP.qBJYOB_hckSjMgqaJ7vEEwHaEK%26pid%3DApi&f=1&ipt=2d099da80b4b9821a04837720f80801ed47c2347bc49767a752b9b4a27cc3636&ipo=images"
43,Shanghai,China,"//external-content.duckduckgo.com/iu/?u=https%3A%2F%2Ftse4.mm.bing.net%2Fth%3Fid%3DOIP.2z8hY7BynN2rLQRTHavXmgHaEj%26pid%3DApi&f=1&ipt=4349838b29bbb30d5db27a1809c5f4a82f2bb316bcc282d1b13b5cf8377fc542&ipo=images"
43,Shanghai,China,"//external-content.duckduckgo.com/iu/?u=https%3A%2F%2Ftse3.mm.bing.net%2Fth%3Fid%3DOIP.1g85YcY841H66-hgZN9_RgHaE8%26pid%3DApi&f=1&ipt=78d71e80f12c7611b0c1bd78dfe9fab8ee815256bbfa6ab46116dda616a661eb&ipo=images"
42,San Francisco,United States,"//external-content.duckduckgo.com/iu/?u=https%3A%2F%2Ftse2.mm.bing.net%2Fth%3Fid%3DOIP.2CU2LwMoLiTvjYIHlVjh_QHaE7%26pid%3DApi&f=1&ipt=0d35a2ed470a19ced911f472dd70c598362590412d6d65ceee8d9a9bf15a115b&ipo=images"
42,San Francisco,United States,"//external-content.duckduckgo.com/iu/?u=https%3A%2F%2Ftse4.mm.bing.net%2Fth%3Fid%3DOIP.3_yK7q4N9lU3Gogc9SSBdwHaJQ%26pid%3DApi&f=1&ipt=7ac33e9687aab7a512adb7d669eff3dfbd3c2e531b154da8d48146e8275827ef&ipo=images"
42,San Francisco,United States,"//external-content.duckduckgo.com/iu/?u=https%3A%2F%2Ftse2.mm.bing.net%2Fth%3Fid%3DOIP.hjWDq-T8mD5pETCwRN4j9gHaEK%26pid%3DApi&f=1&ipt=e57871b1522a6da12e2880f29dc301f967c4ff98fd202099f35a99bea6bdd696&ipo=images"
41,Tel Aviv,Israel,"//external-content.duckduckgo.com/iu/?u=https%3A%2F%2Ftse1.explicit.bing.net%2Fth%3Fid%3DOIP.46vKTPvS0k689JMamUuQigHaEZ%26pid%3DApi&f=1&ipt=565eaaf6e05c78072209ff8d6157944aeb878c61214b19b72cb81d57ba2b2fb8&ipo=images"
41,Tel Aviv,Israel,"//external-content.duckduckgo.com/iu/?u=https%3A%2F%2Ftse1.mm.bing.net%2Fth%3Fid%3DOIP.I5YerpUkn_VkHR2MMPrT7QHaE8%26pid%3DApi&f=1&ipt=06d465577b8bf9c74f3d2c4bfa56daf8acfe551d2610648cfeb861f9d4dc784c&ipo=images"
41,Tel Aviv,Israel,"//external-content.duckduckgo.com/iu/?u=https%3A%2F%2Ftse4.mm.bing.net%2Fth%3Fid%3DOIP.txERUD_ozC-vmGEUH-OWhAHaEY%26pid%3DApi&f=1&ipt=a1254a75368236d6ca44438e1417f75e2f83aab43e4fcf81f955b93359a91fca&ipo=images"
40,Brussels,Belgium,"//external-content.duckduckgo.com/iu/?u=https%3A%2F%2Ftse3.mm.bing.net%2Fth%3Fid%3DOIP.R83iJ-Jzmi6eEebI0dZ6tgHaHM%26pid%3DApi&f=1&ipt=b3406492868a60adf675b34fcf7fdb1b5ff15da02759be9ba2e35573bda43d7f&ipo=images"
40,Brussels,Belgium,"//external-content.duckduckgo.com/iu/?u=https%3A%2F%2Ftse2.mm.bing.net%2Fth%3Fid%3DOIP.YFdxhIZHJzICSczjX7S5twHaE9%26pid%3DApi&f=1&ipt=2c3de20417a36744b2d8e2a1fd9a769dce1f818d9ff10cb921e9916aa7fd91cb&ipo=images"
40,Brussels,Belgium,"//external-content.duckduckgo.com/iu/?u=https%3A%2F%2Ftse2.mm.bing.net%2Fth%3Fid%3DOIP.zfYzn-EJagz7CErEJkmE9wHaEi%26pid%3DApi&f=1&ipt=06c2b20351522a499c4a74b635ea22e99f7865d4053fca56f7a4eb68483fd3a8&ipo=images"
39,Stockholm,Sweden,"//external-content.duckduckgo.com/iu/?u=https%3A%2F%2Ftse1.mm.bing.net%2Fth%3Fid%3DOIP.Dhq5T56NVpq1VEt6fUmqIQHaEK%26pid%3DApi&f=1&ipt=574a17d29495accc7cb6350543dcf3b613bacc641095a07fa9b3d9184f6ab650&ipo=images"
39,Stockholm,Sweden,"//external-content.duckduckgo.com/iu/?u=https%3A%2F%2Ftse2.mm.bing.net%2Fth%3Fid%3DOIP.WEr8MjtX2F7iRMX3LXApwQHaEK%26pid%3DApi&f=1&ipt=43f51070e0a53d6a569418db094e0d4a8856b530621f84872b50e934bc8b11ff&ipo=images"
39,Stockholm,Sweden,"//external-content.duckduckgo.com/iu/?u=https%3A%2F%2Ftse2.mm.bing.net%2Fth%3Fid%3DOIP.H5gHn8fA8Vgvm24i_WTWJgHaEK%26pid%3DApi&f=1&ipt=710a8f7d3aaa7f072e05ab6f3b9e89915e71ec1342e8e1111553d826f79c3f57&ipo=images"
38,Abu Dhabi,United Arab Emirates,"//external-content.duckduckgo.com/iu/?u=https%3A%2F%2Ftse1.mm.bing.net%2Fth%3Fid%3DOIP.ttSh_LB4dWOkigPfU4Q03QHaE7%26pid%3DApi&f=1&ipt=500df208f6275cea4fd817819ff535ff59a890d55f319de03215ee17922d9610&ipo=images"
38,Abu Dhabi,United Arab Emirates,"//external-content.duckduckgo.com/iu/?u=https%3A%2F%2Ftse2.mm.bing.net%2Fth%3Fid%3DOIP.RWy3yHUtaTAl54Y8DeTpJQHaE8%26pid%3DApi&f=1&ipt=bde4ca23c446ad8601f7fc5457aec461643f73d1e018e8e36f7bb9e3bce8e1ff&ipo=images"
38,Abu Dhabi,United Arab Emirates,"//external-content.duckduckgo.com/iu/?u=https%3A%2F%2Ftse4.mm.bing.net%2Fth%3Fid%3DOIP.ZhNRwaM87v6qmFtN5C-OpAHaEr%26pid%3DApi&f=1&ipt=8e3f398d249f33459ae39d62199ff182c3ec34bb5eb67faef91dde5eaa09733d&ipo=images"
37,Venice,Italy,"//external-content.duckduckgo.com/iu/?u=https%3A%2F%2Ftse1.mm.bing.net%2Fth%3Fid%3DOIP.byYlmRf9VL9vUsbaxjeH8QHaFU%26pid%3DApi&f=1&ipt=f07022fca497e51348ba943ba877daa9508ae991cfc29d7937a6c7cad4fdd064&ipo=images"
37,Venice,Italy,"//external-content.duckduckgo.com/iu/?u=https%3A%2F%2Ftse4.mm.bing.net%2Fth%3Fid%3DOIP.lQd4Wp7F80Lg9jpjh0usvAHaEK%26pid%3DApi&f=1&ipt=1bbafcbaef9ce5b6a4c0aa6332f2d44d8fb7bccb6479a461797f6971a18dc5f3&ipo=images"
37,Venice,Italy,"//external-content.duckduckgo.com/iu/?u=https%3A%2F%2Ftse3.mm.bing.net%2Fth%3Fid%3DOIP.mbtBsVP66RbO3unfpycxnQHaE8%26pid%3DApi&f=1&ipt=81bbd1d1448f691074c8b31dcedcee923d0624df460b844fbdebea89445d3a32&ipo=images"
36,Kuala Lumpur,Malaysia,"//external-content.duckduckgo.com/iu/?u=https%3A%2F%2Ftse1.mm.bing.net%2Fth%3Fid%3DOIP.ZBV8ASTDqPlUKgQiV7RDlQHaE8%26pid%3DApi&f=1&ipt=af1bce4e1707bcf82317908c8371987f488844432ed6113bdca12d12d80de018&ipo=images"
36,Kuala Lumpur,Malaysia,"//external-content.duckduckgo.com/iu/?u=https%3A%2F%2Ftse1.mm.bing.net%2Fth%3Fid%3DOIP.FlnTFr7s264bBEbNcnwYbwHaE7%26pid%3DApi&f=1&ipt=cae636560463df4d2a5d8fb6dee37038e08a3074f5b825107c8e3449c866135a&ipo=images"
36,Kuala Lumpur,Malaysia,"//external-content.duckduckgo.com/iu/?u=https%3A%2F%2Ftse4.mm.bing.net%2Fth%3Fid%3DOIP.qemXVECCdeWvW2q7M_coKgHaE8%26pid%3DApi&f=1&ipt=cb1fc442f474e21f54e92ac9648248975d42e2af7638d12532b087d9901cbfde&ipo=images"
35,Miami,United States,"//external-content.duckduckgo.com/iu/?u=https%3A%2F%2Ftse2.mm.bing.net%2Fth%3Fid%3DOIP.QAXOjA32PIlMb17koKVOkgHaF5%26pid%3DApi&f=1&ipt=3b699810c9f59ec9d5983ef46b5a6dac8d6a5c698ce19cd0a89944d4880d3296&ipo=images"
35,Miami,United States,"//external-content.duckduckgo.com/iu/?u=https%3A%2F%2Ftse4.mm.bing.net%2Fth%3Fid%3DOIP.hUN5CHktGaV41vc1argFKgHaE8%26pid%3DApi&f=1&ipt=f2e87379a16cad9e8a0f496e9e91e2a659e55725f79641c42c677ea5b9535e9a&ipo=images"
35,Miami,United States,"//external-content.duckduckgo.com/iu/?u=https%3A%2F%2Ftse2.mm.bing.net%2Fth%3Fid%3DOIP.dvGYijoQv8duhqXxKEaA6QHaEq%26pid%3DApi&f=1&ipt=4973ac90e73e385e1602584112cb89724fecd8e6cfef13533999b62268b0ef4a&ipo=images"
34,Las Vegas,United States,"//external-content.duckduckgo.com/iu/?u=https%3A%2F%2Ftse1.mm.bing.net%2Fth%3Fid%3DOIP.d-q6mcdMD0LAHL61_IAfagHaE8%26pid%3DApi&f=1&ipt=d56cafaf56e4ace7bd555bcd5aebc985bf3d8eccdb0dfc0fbe7207e91e6e0a43&ipo=images"
34,Las Vegas,United States,"//external-content.duckduckgo.com/iu/?u=https%3A%2F%2Ftse2.mm.bing.net%2Fth%3Fid%3DOIP.yswupKAWAgJ2c2h_jNqD0AAAAA%26pid%3DApi&f=1&ipt=c2d5b7166feda8d999603f8045b79ed3b748759b9a0f3c6437ff6a379e1b658e&ipo=images"
34,Las Vegas,United States,"//external-content.duckduckgo.com/iu/?u=https%3A%2F%2Ftse2.mm.bing.net%2Fth%3Fid%3DOIP.rPGHGNvFGe_tIARpetbIaAHaE8%26pid%3DApi&f=1&ipt=d324d6c99b52e72c09a51c1cbf295b5aad27257e4fceffb406216b3cb0d03ffe&ipo=images"
33,Bangkok,Thailand,"//external-content.duckduckgo.com/iu/?u=https%3A%2F%2Ftse4.mm.bing.net%2Fth%3Fid%3DOIP.IaxiJqIRiwxH1GbJPLoqRAHaEK%26pid%3DApi&f=1&ipt=a20c725032a5956d01f510f3c80b726d82c2c81a15bd621095b89f642c44d5fb&ipo=images"
33,Bangkok,Thailand,"//external-content.duckduckgo.com/iu/?u=https%3A%2F%2Ftse4.mm.bing.net%2Fth%3Fid%3DOIP._Zgcf-LLnhqYSd6VWTIzhQHaH6%26pid%3DApi&f=1&ipt=5b5fd1209300b56459e5f71f53a2e9a78f5a4ce24e40670845342335b0b54c1f&ipo=images"
33,Bangkok,Thailand,"//external-content.duckduckgo.com/iu/?u=https%3A%2F%2Ftse3.mm.bing.net%2Fth%3Fid%3DOIP.2xxleBHKm18aqLR6UVWsGAHaEo%26pid%3DApi&f=1&ipt=0c15169d5efc49d3810d4039cfb8d2c540975b17284819c87197ff89f9b21840&ipo=images"
32,Zurich,Switzerland,"//external-content.duckduckgo.com/iu/?u=https%3A%2F%2Ftse4.mm.bing.net%2Fth%3Fid%3DOIP.iHhjG0JcPNV_tjtGPaG_xQHaFc%26pid%3DApi&f=1&ipt=56ebe0524842610aa67ef6a55caa7c082902b1c16276ec93246211c9234010a2&ipo=images"
32,Zurich,Switzerland,"//external-content.duckduckgo.com/iu/?u=https%3A%2F%2Ftse1.mm.bing.net%2Fth%3Fid%3DOIP.Im4XVmp4Nu9QimIQfvLXUQHaE8%26pid%3DApi&f=1&ipt=df9a0d2306cff79e951155f3578f369cf9695ac927b86085fbc0f04a8d1da823&ipo=images"
32,Zurich,Switzerland,"//external-content.duckduckgo.com/iu/?u=https%3A%2F%2Ftse1.mm.bing.net%2Fth%3Fid%3DOIP.JOTjZYtWd7wKny62jr3T6gHaFV%26pid%3DApi&f=1&ipt=90c32e023aeb30204246a720191b5051dc2a4775bbf8865c835920561c913fae&ipo=images"
31,Athens,Greece,"//external-content.duckduckgo.com/iu/?u=https%3A%2F%2Ftse3.mm.bing.net%2Fth%3Fid%3DOIP.zPmqrs33E6mXFeuxdAS32wHaE7%26pid%3DApi&f=1&ipt=f954c126f929e444db89b17f60d50fe8757ed891ec0b3a639f0262a183a2ceb5&ipo=images"
31,Athens,Greece,"//external-content.duckduckgo.com/iu/?u=https%3A%2F%2Ftse3.mm.bing.net%2Fth%3Fid%3DOIP.pSerIJxk45XfJLC1vuyqCQHaE8%26pid%3DApi&f=1&ipt=ae7fe386cd2664698349686611344fac620ca53fdec7562aa9d39e37b0fb7b69&ipo=images"
31,Athens,Greece,"//external-content.duckduckgo.com/iu/?u=https%3A%2F%2Ftse3.mm.bing.net%2Fth%3Fid%3DOIP.LpxQfm9kPABzgjUHzwSN4gHaE6%26pid%3DApi&f=1&ipt=2857c5590cffa3d02bbb67d8844695b757c8ce41efeab9c1055be08554dfb3fb&ipo=images"
30,Toronto,Canada,"//external-content.duckduckgo.com/iu/?u=https%3A%2F%2Ftse2.mm.bing.net%2Fth%3Fid%3DOIP.75FRUgFH4MACxDeeyti9awHaLH%26pid%3DApi&f=1&ipt=168b41215e38a5c5fa2c830e512fdbebcc8090eb7c241f32461f255a5a9869b7&ipo=images"
30,Toronto,Canada,"//external-content.duckduckgo.com/iu/?u=https%3A%2F%2Ftse1.mm.bing.net%2Fth%3Fid%3DOIP.iNGSqR-4T9eIqFq7ESsG6QHaE8%26pid%3DApi&f=1&ipt=d364ab80ad5296584a7189ea59dcbbc5421079e36503216957f60f504c12cd22&ipo=images"
30,Toronto,Canada,"//external-content.duckduckgo.com/iu/?u=https%3A%2F%2Ftse4.mm.bing.net%2Fth%3Fid%3DOIP.TEuJsdhju7_m2eO7ei_D6wHaEo%26pid%3DApi&f=1&ipt=5370d604f0888821a69d94ee2bc780597f15e92d14362996fa83092d8328d64a&ipo=images"
29,Florence,Italy,"//external-content.duckduckgo.com/iu/?u=https%3A%2F%2Ftse3.mm.bing.net%2Fth%3Fid%3DOIP.GAQGhxnJa44WBO6QOjNZyAHaE3%26pid%3DApi&f=1&ipt=f5748c2b514cb1bf1b2c633328ef42c5add5d9ee0ff59dbba1b2d5b704dedd38&ipo=images"
29,Florence,Italy,"//external-content.duckduckgo.com/iu/?u=https%3A%2F%2Ftse2.mm.bing.net%2Fth%3Fid%3DOIP.vVlI5wbl9JcXSqGPuG4vwAHaEw%26pid%3DApi&f=1&ipt=7612f4fccd96c58c94eb5e0d2c2dab5abc40e5f156054a36fe6ccdaff7798589&ipo=images"
29,Florence,Italy,"//external-content.duckduckgo.com/iu/?u=https%3A%2F%2Ftse3.mm.bing.net%2Fth%3Fid%3DOIP.E7qiQadsi-7oC0sioOF25QHaE6%26pid%3DApi&f=1&ipt=d70e5093c0d215758cc9bd4b0962856ad026925b6a4c1094fcc0e678fcca035a&ipo=images"
28,Taipei,Taiwan,"//external-content.duckduckgo.com/iu/?u=https%3A%2F%2Ftse2.mm.bing.net%2Fth%3Fid%3DOIP.yYpLwpy0CsjkkLynPy5angHaE8%26pid%3DApi&f=1&ipt=c8d87f8b4c2ddc92abb28b76d50f4feb2ba8fc215fc2d943e0a72e67c9f9cde3&ipo=images"
28,Taipei,Taiwan,"//external-content.duckduckgo.com/iu/?u=https%3A%2F%2Ftse1.mm.bing.net%2Fth%3Fid%3DOIP.S2dFVwpSxwBSO_W7w7IMHgHaE8%26pid%3DApi&f=1&ipt=e95bf79c41f08aada94b46fdcdf51a6b0afbdc263a415c09ff15142aacea7da4&ipo=images"
28,Taipei,Taiwan,"//external-content.duckduckgo.com/iu/?u=https%3A%2F%2Ftse4.mm.bing.net%2Fth%3Fid%3DOIP.oxXHn4d2UFu1FDvNmWXY9QHaOJ%26pid%3DApi&f=1&ipt=7e30403116f286261febb8004b7bd3f37dca8e2a8380b656d5322c369a3756c3&ipo=images"
27,Kyoto,Japan,"//external-content.duckduckgo.com/iu/?u=https%3A%2F%2Ftse3.mm.bing.net%2Fth%3Fid%3DOIP.N_N4qAkmy5TpK-BcOpM1QQHaFj%26pid%3DApi&f=1&ipt=3fc406e0d8f394fb7657ca46fdff03a0f5eb70f0fa8c78958a3721f158e39b61&ipo=images"
27,Kyoto,Japan,"//external-content.duckduckgo.com/iu/?u=https%3A%2F%2Ftse2.mm.bing.net%2Fth%3Fid%3DOIP.aWCjcRtSVbm2uF92rpdi3wHaFc%26pid%3DApi&f=1&ipt=86d32ab7e81652023ec6103c69bd7f341a6755e12b01e086b71e9d001a0585ed&ipo=images"
27,Kyoto,Japan,"//external-content.duckduckgo.com/iu/?u=https%3A%2F%2Ftse3.mm.bing.net%2Fth%3Fid%3DOIP.iWJp6lu1gFRQ4lFoGo4trgHaE8%26pid%3DApi&f=1&ipt=82965a2fb3d77ae1e1b9b7691f1497d691b6139789d90bdd50220f38229420b0&ipo=images"
26,Frankfurt,Germany,"//external-content.duckduckgo.com/iu/?u=https%3A%2F%2Ftse2.mm.bing.net%2Fth%3Fid%3DOIP.9eit8kde09h7vr8sJ00CHAHaFj%26pid%3DApi&f=1&ipt=ccb9a61bfd6f56fc3c5b9e07d4419661e5f45e7fda54d06b743575a721d6895c&ipo=images"
26,Frankfurt,Germany,"//external-content.duckduckgo.com/iu/?u=https%3A%2F%2Ftse1.mm.bing.net%2Fth%3Fid%3DOIP.MVH8fCRzvSRsImrewsx8YQHaE7%26pid%3DApi&f=1&ipt=e10dfa163f786b8d3bd3291cd3f771e7f8c237a5f039c9433b75036bde7c5154&ipo=images"
26,Frankfurt,Germany,"//external-content.duckduckgo.com/iu/?u=https%3A%2F%2Ftse2.mm.bing.net%2Fth%3Fid%3DOIP.4WxdmD7FN10PIEEk2dOMPAHaD9%26pid%3DApi&f=1&ipt=333adaf56dff711090b9e04bfa975e37424fa2fcf315aea19d509ae6da5f5563&ipo=images"
25,Orlando,United States,"//external-content.duckduckgo.com/iu/?u=https%3A%2F%2Ftse1.mm.bing.net%2Fth%3Fid%3DOIP.UQiaF7hXtTCk231V6DV_LAHaEK%26pid%3DApi&f=1&ipt=24ad215cc155a770420d6d457457589f6ac537e7894fd94865e97bd65a40caea&ipo=images"
25,Orlando,United States,"//external-content.duckduckgo.com/iu/?u=https%3A%2F%2Ftse1.mm.bing.net%2Fth%3Fid%3DOIP.yghoNKxkMhHZD-cgfD5fQQHaE8%26pid%3DApi&f=1&ipt=89119e968f11870805b8b2cb41fbaf0e1362309e4ea06025e82c79bb92a25c48&ipo=images"
25,Orlando,United States,"//external-content.duckduckgo.com/iu/?u=https%3A%2F%2Ftse4.mm.bing.net%2Fth%3Fid%3DOIP.yf8fB-I5gNAmcMPhijqY2wHaE8%26pid%3DApi&f=1&ipt=0f3a2a252ee04ec97ddd3182f5c88591551dff496676d7387605c9bc0d63214b&ipo=images"
24,Melbourne,Australia,"//external-content.duckduckgo.com/iu/?u=https%3A%2F%2Ftse1.mm.bing.net%2Fth%3Fid%3DOIP.L06ihlnlFMm7id7SMBxt-QHaFc%26pid%3DApi&f=1&ipt=04a9b7698918247d936771d1b281e2bce54a109e4a97826f1ebe53649a6a9e1e&ipo=images"
24,Melbourne,Australia,"//external-content.duckduckgo.com/iu/?u=https%3A%2F%2Ftse1.mm.bing.net%2Fth%3Fid%3DOIP.9-mMAiY9gFRZVYvLu8t1dAHaEo%26pid%3DApi&f=1&ipt=4a9ff19df3b15becc1955cd8c36d956267dfcc733182396128e800ef099f7843&ipo=images"
24,Melbourne,Australia,"//external-content.duckduckgo.com/iu/?u=https%3A%2F%2Ftse4.mm.bing.net%2Fth%3Fid%3DOIP.MKcl3t8vY-M6nvFulTfuXwHaEK%26pid%3DApi&f=1&ipt=044968f1c78eb275b7fa3c19784d17feb11c3267e5ee3d8e35fcccd51e976fcc&ipo=images"
23,Istanbul,Turkey,"//external-content.duckduckgo.com/iu/?u=https%3A%2F%2Ftse2.mm.bing.net%2Fth%3Fid%3DOIP.cEEYlrmCMTs9v9O_0TOFzQHaEo%26pid%3DApi&f=1&ipt=e876151c0debdb0f556313335d8ad42c6ab92e177d2162f2231f920bed2fdadb&ipo=images"
23,Istanbul,Turkey,"//external-content.duckduckgo.com/iu/?u=https%3A%2F%2Ftse1.mm.bing.net%2Fth%3Fid%3DOIP.nalb81S0Ezh_DZxiXFqXqgHaE7%26pid%3DApi&f=1&ipt=8b454bf200ea58542730fc06ddd7fd4b6b450d6695442a81700792a662b675ef&ipo=images"
23,Istanbul,Turkey,"//external-content.duckduckgo.com/iu/?u=https%3A%2F%2Ftse4.mm.bing.net%2Fth%3Fid%3DOIP.bSzJM4L84ooWnMjTkB1SowHaIZ%26pid%3DApi&f=1&ipt=9353368b445594ed4a4edb168366ecc5bc9fac3e696dff3939b2b157ba3f0e2d&ipo=images"
22,Sydney,Australia,"//external-content.duckduckgo.com/iu/?u=https%3A%2F%2Ftse4.mm.bing.net%2Fth%3Fid%3DOIP.3_84OYXpQddWDqwwoabtbQHaEo%26pid%3DApi&f=1&ipt=8b4c66b577db7c1edc41d28c28fb2849f1e92a8e6a035444cfce1cf1fe67eecc&ipo=images"
22,Sydney,Australia,"//external-content.duckduckgo.com/iu/?u=https%3A%2F%2Ftse4.mm.bing.net%2Fth%3Fid%3DOIP.9vxlA1nfGKra9LvfhXIhQwHaE5%26pid%3DApi&f=1&ipt=c9bd3cf7768cf5d13a05397cb2025644d61f60bb68319622e14ab1fe94932429&ipo=images"
22,Sydney,Australia,"//external-content.duckduckgo.com/iu/?u=https%3A%2F%2Ftse4.mm.bing.net%2Fth%3Fid%3DOIP.p0Oogc8h0nDUjIft31x9tAHaEK%26pid%3DApi&f=1&ipt=1d51b877dd18fef543df52dbf44b081ae903135844ad073072a9e0bb89f03508&ipo=images"
21,Prague,Czech Republic,"//external-content.duckduckgo.com/iu/?u=https%3A%2F%2Ftse2.mm.bing.net%2Fth%3Fid%3DOIP.-otnH7dq6bv3mQafsvg2DwHaEb%26pid%3DApi&f=1&ipt=acf1909659d938403f3300528f7d45b66043067f10eac54b8bbc2c6725ad0a63&ipo=images"
21,Prague,Czech Republic,"//external-content.duckduckgo.com/iu/?u=https%3A%2F%2Ftse4.mm.bing.net%2Fth%3Fid%3DOIP.mjpfIY21_cB3pYuTryoF5QHaE8%26pid%3DApi&f=1&ipt=02f0a62a18f52f69eae44ad63f5d8d01cf65f8851b5641ad7d4564463dae72d9&ipo=images"
21,Prague,Czech Republic,"//external-content.duckduckgo.com/iu/?u=https%3A%2F%2Ftse1.mm.bing.net%2Fth%3Fid%3DOIP.nI0YO5GsAjAQDpzTVU86MQHaE8%26pid%3DApi&f=1&ipt=a22fb68fd60dcca80e48b0660f6c49d0341ddc6530ddd0b810b29c9dbd559e49&ipo=images"
20,Lisbon,Portugal,"//external-content.duckduckgo.com/iu/?u=https%3A%2F%2Ftse3.mm.bing.net%2Fth%3Fid%3DOIP.-ey091klhYgd47WGNgZDogHaGH%26pid%3DApi&f=1&ipt=1d5882e6ec5f0c3ef516fdd62bf3117bea73c741ed29d27640c66e6bb4d984a7&ipo=images"
20,Lisbon,Portugal,"//external-content.duckduckgo.com/iu/?u=https%3A%2F%2Ftse1.mm.bing.net%2Fth%3Fid%3DOIP.fIDfhzfIsY-0NNfX9mvDdwHaE8%26pid%3DApi&f=1&ipt=41c846c3d3dfb00a50f9c1d138e6d080a30ab011d7b35e0e97f92f82dbf47d01&ipo=images"
20,Lisbon,Portugal,"//external-content.duckduckgo.com/iu/?u=https%3A%2F%2Ftse4.mm.bing.net%2Fth%3Fid%3DOIP.apaNNYPqrU4A5TGPwJu-7gHaE8%26pid%3DApi&f=1&ipt=16009cbf29f1385dfe51f3e625fd96f264d3ca6cde186d610d6000d13a2cb467&ipo=images"
19,Los Angeles,United States,"//external-content.duckduckgo.com/iu/?u=https%3A%2F%2Ftse2.mm.bing.net%2Fth%3Fid%3DOIP.NPlBtLjPIhvTcZucpldqTgHaEI%26pid%3DApi&f=1&ipt=c48e7028923f9b2b5b515315248bd4c11e29c7ce71e93e7761e641e314af3cd7&ipo=images"
19,Los Angeles,United States,"//external-content.duckduckgo.com/iu/?u=https%3A%2F%2Ftse4.mm.bing.net%2Fth%3Fid%3DOIP.w7RcRlKj2Ufc1fmt7tfZqAHaFW%26pid%3DApi&f=1&ipt=552942585756a9aeae18bf34d3ae71962bc0fcad3783fa09ba3a9fd4217cc958&ipo=images"
19,Los Angeles,United States,"//external-content.duckduckgo.com/iu/?u=https%3A%2F%2Ftse1.mm.bing.net%2Fth%3Fid%3DOIP.pYRVZbiFol_oprdACvoyDQHaE8%26pid%3DApi&f=1&ipt=607796e63642950d3cb4d1b026a9374245fdcac480d6a9247dc2dedf94e5f02c&ipo=images"
18,Vienna,Austria,"//external-content.duckduckgo.com/iu/?u=https%3A%2F%2Ftse4.mm.bing.net%2Fth%3Fid%3DOIP.udtkAsci4ST994W31ete4wHaFA%26pid%3DApi&f=1&ipt=040a59909fea12e80117424eff77501c597815c3697a0e468e76adcc24ce6ee4&ipo=images"
18,Vienna,Austria,"//external-content.duckduckgo.com/iu/?u=https%3A%2F%2Ftse2.mm.bing.net%2Fth%3Fid%3DOIP.lq_AfEHqqVJwS5-17VkepQHaE8%26pid%3DApi&f=1&ipt=3c518d3cd3df6a9ec7117f9c743b599529e3654323e9ef02528115e92189ea27&ipo=images"
18,Vienna,Austria,"//external-content.duckduckgo.com/iu/?u=https%3A%2F%2Ftse3.mm.bing.net%2Fth%3Fid%3DOIP.vgGEGVQL3YqoqUBn2bXxfAHaE8%26pid%3DApi&f=1&ipt=d33f03c552815c2399fd2dceaf9530e5f1ce283c6c1af874ac090526ce89a990&ipo=images"
17,Hong Kong,China,"//external-content.duckduckgo.com/iu/?u=https%3A%2F%2Ftse1.mm.bing.net%2Fth%3Fid%3DOIP.gHytBvECnpN7uH9NondocwHaEK%26pid%3DApi&f=1&ipt=528957e87f4210ae6a5028a64e9cda2c68ee628dc8a8d96955e89b3803099d12&ipo=images"
17,Hong Kong,China,"//external-content.duckduckgo.com/iu/?u=https%3A%2F%2Ftse2.mm.bing.net%2Fth%3Fid%3DOIP.o6eUNbxiTcjpbQL2-aHRRgHaFW%26pid%3DApi&f=1&ipt=c878105e1b0498d1e2f475a2ac187c2cf1a526f2bbdd3e7604ae554a26bdce09&ipo=images"
17,Hong Kong,China,"//external-content.duckduckgo.com/iu/?u=https%3A%2F%2Ftse4.mm.bing.net%2Fth%3Fid%3DOIP.cXI5CzGMSx08fb3_J9RokwHaE8%26pid%3DApi&f=1&ipt=183c91075a42513e8ac0f3a3046d7f5f8e59fa00be9877a456a346bfe4effc12&ipo=images"
16,Osaka,Japan,"//external-content.duckduckgo.com/iu/?u=https%3A%2F%2Ftse1.mm.bing.net%2Fth%3Fid%3DOIP.AYOxOfzEG8QB-L6Kqy8bRAHaE8%26pid%3DApi&f=1&ipt=f365de798abb77374401357bd2d7b4db91129e80fa49f889163f286a576479b9&ipo=images"
16,Osaka,Japan,"//external-content.duckduckgo.com/iu/?u=https%3A%2F%2Ftse4.mm.bing.net%2Fth%3Fid%3DOIP.7QZtH0X0NIWCABxIiAWAmQHaFc%26pid%3DApi&f=1&ipt=e588a425cedc34d6ffc0443ae0d72ed6c9e9cf549dd3632a1308e7917f5c46a3&ipo=images"
16,Osaka,Japan,"//external-content.duckduckgo.com/iu/?u=https%3A%2F%2Ftse1.mm.bing.net%2Fth%3Fid%3DOIP.GOAgoHeu5F7CWjWZYzQLgwHaE8%26pid%3DApi&f=1&ipt=a82005ee62c99fcf40f3a4e5abb1cccb305ec4aa20e5cd8c878a13937fba9502&ipo=images"
15,Dublin,Ireland,"//external-content.duckduckgo.com/iu/?u=https%3A%2F%2Ftse4.mm.bing.net%2Fth%3Fid%3DOIP.lJ3TR6j_6Gt4Zs93nf8TMQHaE7%26pid%3DApi&f=1&ipt=8ef4f1b40f9f026f6954ee19a17a1a53fe5d7deeb86c545f786271cca090a44f&ipo=images"
15,Dublin,Ireland,"//external-content.duckduckgo.com/iu/?u=https%3A%2F%2Ftse2.mm.bing.net%2Fth%3Fid%3DOIP.uWCODMVF4qGinyO9iwj8TgHaE7%26pid%3DApi&f=1&ipt=5fde55181382ca0ed0fbbe96c90fdb622f107acf9d3d9777ad7f3b6dd7f006e1&ipo=images"
15,Dublin,Ireland,"//external-content.duckduckgo.com/iu/?u=https%3A%2F%2Ftse3.mm.bing.net%2Fth%3Fid%3DOIP.c015p5Y1M0COVshN2Le3fQHaEK%26pid%3DApi&f=1&ipt=e360f7428ab6c3edc4ecde2c19c0797d9565c8b750d9b7ce52ec927b42895d95&ipo=images"
14,Seoul,South Korea,"//external-content.duckduckgo.com/iu/?u=https%3A%2F%2Ftse1.mm.bing.net%2Fth%3Fid%3DOIP.2mfPQrAu6fty99YKESV9UQHaFc%26pid%3DApi&f=1&ipt=1af5ff61e6bfb32f2a9002362e0b44df8891fbe692a5aa746ee4cfcb3d1419aa&ipo=images"
14,Seoul,South Korea,"//external-content.duckduckgo.com/iu/?u=https%3A%2F%2Ftse2.mm.bing.net%2Fth%3Fid%3DOIP.x8QUVZrm2Ak4Be6kjMQk_AHaEo%26pid%3DApi&f=1&ipt=13293bec1ad5f0c92e03654d618cf54f47ecb42ca9cb03522795293cc2ea1512&ipo=images"
14,Seoul,South Korea,"//external-content.duckduckgo.com/iu/?u=https%3A%2F%2Ftse4.mm.bing.net%2Fth%3Fid%3DOIP.g6yjAPRTPNbIyqZeQc0JIgHaEb%26pid%3DApi&f=1&ipt=7abb6cd5e159fa2b24817c8f5b4694810cd8b6efa01603491d7aaa9e55a8dd6a&ipo=images"
13,Milan,Italy,"//external-content.duckduckgo.com/iu/?u=https%3A%2F%2Ftse4.mm.bing.net%2Fth%3Fid%3DOIP.iuxXDqNYup5iR2QqOkNWTgHaE8%26pid%3DApi&f=1&ipt=4a7e28250205181619bf56a28be903a074abb4a6ea8591948bcb20c27028998b&ipo=images"
13,Milan,Italy,"//external-content.duckduckgo.com/iu/?u=https%3A%2F%2Ftse1.mm.bing.net%2Fth%3Fid%3DOIP.ngC2FNHLmlZ3fWP_yu3AfgHaDt%26pid%3DApi&f=1&ipt=deb8272d89aa0b8d62049b7b462043bfa191fdfbeedef82c2ea3936a7b77efc0&ipo=images"
13,Milan,Italy,"//external-content.duckduckgo.com/iu/?u=https%3A%2F%2Ftse4.mm.bing.net%2Fth%3Fid%3DOIP.KOBUZr76xS0GimB-W9BSNwHaFW%26pid%3DApi&f=1&ipt=b1b882c3806fb4f232b580e914a97ec3918a26c141d3e41458576525a1a36058&ipo=images"
12,Munich,Germany,"//external-content.duckduckgo.com/iu/?u=https%3A%2F%2Ftse4.mm.bing.net%2Fth%3Fid%3DOIP.SuuraJ_mrvyE_XtomQMLbQHaF2%26pid%3DApi&f=1&ipt=0703e9e54916a8ccb54adda1b05f15ee2dfcce8932084d146a4ad3c39ff8c8c5&ipo=images"
12,Munich,Germany,"//external-content.duckduckgo.com/iu/?u=https%3A%2F%2Ftse2.mm.bing.net%2Fth%3Fid%3DOIP.CFqD1EB_UkF1TYBiHj709gHaE8%26pid%3DApi&f=1&ipt=9f41473aeaa558c1d7ae43c43b9c91d6fba772cfaf2c0f52f10a16a5bf9f9483&ipo=images"
12,Munich,Germany,"//external-content.duckduckgo.com/iu/?u=https%3A%2F%2Ftse1.mm.bing.net%2Fth%3Fid%3DOIP.RkRv_DI2sO7aY8Y6ZRtHrAHaE8%26pid%3DApi&f=1&ipt=e9a07ba43411fed8817bf0d3e1059f798c17b9a3473f91d82b19442a5135a860&ipo=images"
11,Singapore,Singapore,"//external-content.duckduckgo.com/iu/?u=https%3A%2F%2Ftse3.mm.bing.net%2Fth%3Fid%3DOIP.ez6B4YScD2iYS_7BFyfnnQHaEK%26pid%3DApi&f=1&ipt=73da3d679c1025e4d8427440807a768512f566cb8707a45584fb9b5d6b65fd96&ipo=images"
11,Singapore,Singapore,"//external-content.duckduckgo.com/iu/?u=https%3A%2F%2Ftse1.mm.bing.net%2Fth%3Fid%3DOIP.q0UrbTrDKUPRwigxjdkYSgHaEK%26pid%3DApi&f=1&ipt=dfb737256adcb55da23e583ec1039f04e8bd8b00acd7887ea3bb508f13551c12&ipo=images"
11,Singapore,Singapore,"//external-content.duckduckgo.com/iu/?u=https%3A%2F%2Ftse2.mm.bing.net%2Fth%3Fid%3DOIP.3fhwwNk_34s2lr7r0vasKwHaEK%26pid%3DApi&f=1&ipt=b533c2077f9ce22f72cd4bb43d390de6f485ce14a8f8649b7855938ca1a6e411&ipo=images"
10,London,England,"//external-content.duckduckgo.com/iu/?u=https%3A%2F%2Ftse3.mm.bing.net%2Fth%3Fid%3DOIP.jnoGJuGxtjCXOXGgYqbYBwHaE8%26pid%3DApi&f=1&ipt=a3e3e503f01f3bcadaf47094fb1e827cffe4230cc9bb2762bb547400a6c997fd&ipo=images"
10,London,England,"//external-content.duckduckgo.com/iu/?u=https%3A%2F%2Ftse2.mm.bing.net%2Fth%3Fid%3DOIP.TXplnUilHJHhRRIK80GeogHaEo%26pid%3DApi&f=1&ipt=0ae1305d0781cbe71b28220329f84a67e71263c8ee34674a8775d26f18e19abf&ipo=images"
10,London,England,"//external-content.duckduckgo.com/iu/?u=https%3A%2F%2Ftse1.mm.bing.net%2Fth%3Fid%3DOIP.3GGsXdz7pSss8qwtbs2kMQHaE8%26pid%3DApi&f=1&ipt=36b0ef0aff601a22b33d7dcdecffe98c3ce7cc65d02d768250a17cc0c5d13fd9&ipo=images"
9,Barcelona,Spain,"//external-content.duckduckgo.com/iu/?u=https%3A%2F%2Ftse1.mm.bing.net%2Fth%3Fid%3DOIP.ddBGsUS6k2asFZYUz-6_WQHaEK%26pid%3DApi&f=1&ipt=4e0adb254332156baa48d7419b55d407a90e8a7c4639b4748ea17a64d01be689&ipo=images"
9,Barcelona,Spain,"//external-content.duckduckgo.com/iu/?u=https%3A%2F%2Ftse4.mm.bing.net%2Fth%3Fid%3DOIP.Ps1okWQHgiqBi76OJpRrzgHaD3%26pid%3DApi&f=1&ipt=384bdaefff40cb48f93d645082d69e8e9a6f51129eb3844a0e12d3d29f7a824d&ipo=images"
9,Barcelona,Spain,"//external-content.duckduckgo.com/iu/?u=https%3A%2F%2Ftse4.mm.bing.net%2Fth%3Fid%3DOIP.WN1MiwZyKMikFDS4wgikCAAAAA%26pid%3DApi&f=1&ipt=3825dd17d21ae0625990d1b1f5056abb573c015e3fa1800275c0e6d23e964668&ipo=images"
8,New York,United States,"//external-content.duckduckgo.com/iu/?u=https%3A%2F%2Ftse1.mm.bing.net%2Fth%3Fid%3DOIP.tl7oWL6z69SglBSZkWj7rwHaE7%26pid%3DApi&f=1&ipt=5337c0781c195fb78e412980ffd6ea031e177be17c2eaebb9a118dc0e3e6ef37&ipo=images"
8,New York,United States,"//external-content.duckduckgo.com/iu/?u=https%3A%2F%2Ftse4.mm.bing.net%2Fth%3Fid%3DOIP.PLkSpyG9tMgAZOBGbYnGaQHaEo%26pid%3DApi&f=1&ipt=69631843e07910cd4bfc77ac17e0ebbd34fe6bef9ce907c42b5d06c96ee8ad39&ipo=images"
8,New York,United States,"//external-content.duckduckgo.com/iu/?u=https%3A%2F%2Ftse3.mm.bing.net%2Fth%3Fid%3DOIP.w-oK9nXQn15U8-tuKpWFdwHaF7%26pid%3DApi&f=1&ipt=0079f384f6029b7d73c84d8973d830a0c3fb0b2ced2943e08c723a7b2f220d8d&ipo=images"
7,Rome,Italy,"//external-content.duckduckgo.com/iu/?u=https%3A%2F%2Ftse4.mm.bing.net%2Fth%3Fid%3DOIP.oNXRjME2Kxp8JI3QSCwtqQHaEo%26pid%3DApi&f=1&ipt=4750c22e6022650747965ed25b1b154c8f62e8e4694e4f21c953f4bed1020dac&ipo=images"
7,Rome,Italy,"//external-content.duckduckgo.com/iu/?u=https%3A%2F%2Ftse4.mm.bing.net%2Fth%3Fid%3DOIP.ifrOksTkQ7RHbngbTPmw4QHaE8%26pid%3DApi&f=1&ipt=fc2ac670f554dc1f71512d9d9f971dcc4136be0523dcfe118a052b289c8062ac&ipo=images"
7,Rome,Italy,"//external-content.duckduckgo.com/iu/?u=https%3A%2F%2Ftse1.mm.bing.net%2Fth%3Fid%3DOIP.8R30WZwRS38oh_Boax1zTQHaE5%26pid%3DApi&f=1&ipt=4f454134b2e87efe2b12743d551f05f5bd3d9acabad2bbb1e26a0dc4e095861f&ipo=images"
6,Berlin,Germany,"//external-content.duckduckgo.com/iu/?u=https%3A%2F%2Ftse1.mm.bing.net%2Fth%3Fid%3DOIP.hDqR6vkuoQ2cCeXdFVxfmgHaEl%26pid%3DApi&f=1&ipt=8c7427df7c10f15da8834ec4cb9eb2d0e583648d88ab5401819ff3020696a0a6&ipo=images"
6,Berlin,Germany,"//external-content.duckduckgo.com/iu/?u=https%3A%2F%2Ftse1.mm.bing.net%2Fth%3Fid%3DOIP.ZG-cVc8hE9FY2UMA7E9x2QHaEz%26pid%3DApi&f=1&ipt=d8410884955fa88fb36efa25fda26fa1f2f7e40e6f170661824ac89bd612e057&ipo=images"
6,Berlin,Germany,"//external-content.duckduckgo.com/iu/?u=https%3A%2F%2Ftse4.mm.bing.net%2Fth%3Fid%3DOIP.0ZlaQGbNrTH845L67XNyoQHaEK%26pid%3DApi&f=1&ipt=15a1ece48ebd1994b90eee8946c59ba5e9662353df62e19099f994d31e192182&ipo=images"
5,Amsterdam,Netherlands,"//external-content.duckduckgo.com/iu/?u=https%3A%2F%2Ftse1.mm.bing.net%2Fth%3Fid%3DOIP.c3vQNbtiLPCCCvfdFQrfQgHaFc%26pid%3DApi&f=1&ipt=1554d7ea987ab89feb641bda7ad5ca54ead030f1febae97b87cd5ed073653891&ipo=images"
5,Amsterdam,Netherlands,"//external-content.duckduckgo.com/iu/?u=https%3A%2F%2Ftse3.mm.bing.net%2Fth%3Fid%3DOIP.PMdUptFF6Z_XAimQFevhHwHaEK%26pid%3DApi&f=1&ipt=3b2e55e8aa1ba586ac67f6aed5107a706231fa7f69ee91ab548bfa99ea52e27c&ipo=images"
5,Amsterdam,Netherlands,"//external-content.duckduckgo.com/iu/?u=https%3A%2F%2Ftse2.mm.bing.net%2Fth%3Fid%3DOIP.HuOyU0WwKpVXU5hnqkFasgHaFj%26pid%3DApi&f=1&ipt=425f29b64776be21bbd3b4305310d3b74296c81ad494f01d0086984135ca9cef&ipo=images"
4,Tokyo,Japan,"//external-content.duckduckgo.com/iu/?u=https%3A%2F%2Ftse3.mm.bing.net%2Fth%3Fid%3DOIP.sSeFxo9xSOCANd3mrnuzLAHaEK%26pid%3DApi&f=1&ipt=e48fbd2c1b6868f2c3582553bcfd27bdba6047d6a2976a02e096935872cd557d&ipo=images"
4,Tokyo,Japan,"//external-content.duckduckgo.com/iu/?u=https%3A%2F%2Ftse1.mm.bing.net%2Fth%3Fid%3DOIP.pm8YsMfTj34pFoYx9HIttAAAAA%26pid%3DApi&f=1&ipt=2a4ce883ca25176f326bf6ca216557a1f54a98b52da5e17cebe060b8d86d67e4&ipo=images"
4,Tokyo,Japan,"//external-content.duckduckgo.com/iu/?u=https%3A%2F%2Ftse4.mm.bing.net%2Fth%3Fid%3DOIP.ieHzlpnOCO5DZLcOIoNtsgHaHV%26pid%3DApi&f=1&ipt=f87cffa745fc80c42dcce070ada5bda88a022473e298f263ce187be519ad5f3c&ipo=images"
3,Madrid,Spain,"//external-content.duckduckgo.com/iu/?u=https%3A%2F%2Ftse4.mm.bing.net%2Fth%3Fid%3DOIP.qpn4bxBTZpUwMHXdoHOIsgHaE8%26pid%3DApi&f=1&ipt=999aad0a169ae0b319f326763ace7358ff6ecd1894e026874d4d6bcb3f417a59&ipo=images"
3,Madrid,Spain,"//external-content.duckduckgo.com/iu/?u=https%3A%2F%2Ftse4.mm.bing.net%2Fth%3Fid%3DOIP.eIOnbUCab_4YRlXWSIgguwHaE8%26pid%3DApi&f=1&ipt=a492a7a02d57300c2e6cd53cfab5253e96796e8b2093272d4d32b2b655f4c622&ipo=images"
3,Madrid,Spain,"//external-content.duckduckgo.com/iu/?u=https%3A%2F%2Ftse1.mm.bing.net%2Fth%3Fid%3DOIP.qX7vGNyF3_AVeDsIEwzjcAHaE8%26pid%3DApi&f=1&ipt=e63dfe1a30eaace52c357becf2cd34184e6ebc222e04eab13ea0ab2d0c0b04bd&ipo=images"
2,Dubai,United Arab Emirates,"//external-content.duckduckgo.com/iu/?u=https%3A%2F%2Ftse4.mm.bing.net%2Fth%3Fid%3DOIP.adpX30cJoJQeWGd9M2rcVAHaEo%26pid%3DApi&f=1&ipt=0676aabe9550a31f89a438144d534526af0982b7495697b212e34b249da43ad4&ipo=images"
2,Dubai,United Arab Emirates,"//external-content.duckduckgo.com/iu/?u=https%3A%2F%2Ftse1.mm.bing.net%2Fth%3Fid%3DOIP.dLHAaUxeT_rD0gLK3U2FwgHaEK%26pid%3DApi&f=1&ipt=4aa081b0d563caf1e9549acb0dc4954b6a56c396ea044a341589e11ba2629f8a&ipo=images"
2,Dubai,United Arab Emirates,"//external-content.duckduckgo.com/iu/?u=https%3A%2F%2Ftse1.mm.bing.net%2Fth%3Fid%3DOIP.yzsVFDI2BQtBm8mBEByMHgHaE8%26pid%3DApi&f=1&ipt=dcea3dd4011ba9b6baf7a0d7e74030908cea5be09f109cb41370086601ea3539&ipo=images"
1,Paris,France,"//external-content.duckduckgo.com/iu/?u=https%3A%2F%2Ftse2.explicit.bing.net%2Fth%3Fid%3DOIP.LjsXuuso9sdcMgElme7Y3AHaE8%26pid%3DApi&f=1&ipt=eb2a9e6c704ecbac409eef39cec074b4162a0d9e3ad28be7097fae048576a0be&ipo=images"
1,Paris,France,"//external-content.duckduckgo.com/iu/?u=https%3A%2F%2Ftse1.mm.bing.net%2Fth%3Fid%3DOIP.6G_RUmN2Aoy5v6oE3q0Z4wHaDr%26pid%3DApi&f=1&ipt=acdd795bdc083272541d29cc5c7b1c3349f73280a812dab01e2122f88e0e05ac&ipo=images"
1,Paris,France,"//external-content.duckduckgo.com/iu/?u=https%3A%2F%2Ftse2.mm.bing.net%2Fth%3Fid%3DOIP.y3ZKW6M0AMA8X-l3hFeaUAHaEo%26pid%3DApi&f=1&ipt=a4c85bf38aa6b3edb192f3d3ee9dbd4850f62b734ff98f73bb150610b7517288&ipo=images"
